,DFA,RPDE,numPulses,numPeriodsPulses,locShimmer,locDbShimmer,apq3Shimmer,apq11Shimmer,ddaShimmer,meanNoiseToHarmHarmonicity
0,0.71826,0.57227,240,239,0.05883,0.517,0.03011,0.04828,0.09034,0.036223
1,0.69481,0.53966,234,233,0.05516,0.502,0.0232,0.06195,0.06961,0.017974
2,0.67604,0.58982,232,231,0.09902,0.897,0.05094,0.07772,0.15282,0.026313
3,0.79672,0.59257,178,177,0.05451,0.527,0.02395,0.04462,0.07185,0.042003
4,0.79782,0.53028,236,235,0.0561,0.497,0.02909,0.05278,0.08728,0.027139
5,0.78744,0.65451,226,221,0.07752,0.678,0.03805,0.06451,0.11415,0.137088
6,0.62145,0.54543,322,321,0.03203,0.28,0.0155,0.03274,0.0465,0.015745
7,0.62079,0.51179,318,317,0.063,0.539,0.02949,0.06445,0.08848,0.012621
8,0.61766,0.50447,318,317,0.02783,0.244,0.01376,0.02698,0.04129,0.00769
9,0.62247,0.54855,493,492,0.0567,0.512,0.02692,0.0563,0.08077,0.005538
10,0.67256,0.61745,488,487,0.06639,0.641,0.03747,0.05412,0.11241,0.017416
11,0.58326,0.44555,498,497,0.02531,0.218,0.01283,0.02256,0.03849,0.00258
12,0.78996,0.78026,492,491,0.20811,1.814,0.08936,0.27669,0.26808,0.265575
13,0.76831,0.70809,305,304,0.13878,1.326,0.0722,0.11271,0.21661,0.070261
14,0.77992,0.6918,291,290,0.13069,1.222,0.07043,0.10685,0.21129,0.049389
15,0.61483,0.33216,300,299,0.04046,0.354,0.01756,0.0469,0.05269,0.002758
16,0.62018,0.37051,286,285,0.02995,0.266,0.01211,0.03501,0.03632,0.004375
17,0.63124,0.37031,266,265,0.02734,0.241,0.01309,0.02548,0.03926,0.003428
18,0.66085,0.44583,283,282,0.0481,0.422,0.02602,0.03984,0.07806,0.009076
19,0.71199,0.36714,289,288,0.08552,0.741,0.04596,0.06201,0.13788,0.005729
20,0.62901,0.36176,292,291,0.02324,0.205,0.01087,0.02123,0.03262,0.003728
21,0.81029,0.71652,267,266,0.22066,1.891,0.09811,0.06615,0.29433,0.212443
22,0.73507,0.75672,175,165,0.13048,1.246,0.0632,0.08788,0.18961,0.377305
23,0.77921,0.6648,269,268,0.067457503,0.606084525,0.034415969,0.055173155,0.103247815,0.460579
24,0.67313,0.4662,262,261,0.03543,0.315,0.0162,0.03772,0.04859,0.016531
25,0.62426,0.47446,285,284,0.03318,0.293,0.01272,0.03957,0.03816,0.007236
26,0.62982,0.56243,289,288,0.04543,0.405,0.01974,0.04991,0.05921,0.009324
27,0.60863,0.46038,332,331,0.04009,0.348,0.02009,0.03813,0.06026,0.006663
28,0.61289,0.43513,333,332,0.05599,0.497,0.0225,0.05916,0.0675,0.005722
29,0.60437,0.39889,331,330,0.03496,0.3,0.01645,0.03794,0.04934,0.005727
30,0.66429,0.69379,212,211,0.1214,1.105,0.05649,0.12003,0.16946,0.090889
31,0.64823,0.62249,248,247,0.09149,0.817,0.03894,0.10523,0.11682,0.029798
32,0.64326,0.59772,237,236,0.0944,0.898,0.03973,0.10078,0.11919,0.028338
33,0.66846,0.26212,375,374,0.03564,0.316,0.02002,0.02589,0.06005,0.00531
34,0.64898,0.33526,292,291,0.0602,0.526,0.03478,0.04316,0.10433,0.013293
35,0.67496,0.46658,285,283,0.11166,1.002,0.06565,0.08624,0.19695,0.015301
36,0.74807,0.52028,260,259,0.11983,1.047,0.07046,0.08579,0.21137,0.039593
37,0.75192,0.41361,265,264,0.04701,0.406,0.02623,0.0351,0.07869,0.026296
38,0.68639,0.47103,267,266,0.06167,0.548,0.03103,0.0616,0.0931,0.01647
39,0.7233,0.32538,344,343,0.02786,0.245,0.01574,0.02094,0.04723,0.014096
40,0.72248,0.64741,215,214,0.06722,0.65,0.0351,0.05007,0.1053,0.073904
41,0.69601,0.49392,309,307,0.03764,0.334,0.01866,0.02666,0.05599,0.059018
42,0.79945,0.37209,402,401,0.05472,0.507,0.0319,0.03717,0.09571,0.018637
43,0.79509,0.36585,397,396,0.04211,0.385,0.02033,0.03432,0.06099,0.015731
44,0.7657,0.37052,400,399,0.03993,0.365,0.02053,0.03499,0.06159,0.009833
45,0.69205,0.59089,238,237,0.06996,0.631,0.03007,0.0725,0.09021,0.022101
46,0.69206,0.67128,240,239,0.09223,0.843,0.04311,0.08603,0.12934,0.038411
47,0.70522,0.70388,234,233,0.12446,1.127,0.0461,0.13974,0.13829,0.06841
48,0.72967,0.52382,434,433,0.13146,1.134,0.06489,0.10384,0.19467,0.073649
49,0.70885,0.6361,385,384,0.15324,1.457,0.08481,0.12695,0.25444,0.094605
50,0.78348,0.7403,389,388,0.20158,1.745,0.09736,0.16768,0.29209,0.26787
51,0.58151,0.50978,399,398,0.10508,0.966,0.04973,0.11329,0.14919,0.020185
52,0.57905,0.45109,411,410,0.09534,0.895,0.04074,0.10875,0.12223,0.017959
53,0.57581,0.55182,378,377,0.06831,0.616,0.02892,0.08118,0.08676,0.036504
54,0.69603,0.69229,303,302,0.08436,0.757,0.0423,0.07615,0.1269,0.08964
55,0.71769,0.69724,282,277,0.11075,0.985,0.05837,0.074,0.17511,0.192379
56,0.63726,0.59403,306,305,0.06121,0.576,0.03274,0.04532,0.09822,0.036746
57,0.63744,0.40531,312,311,0.03961,0.354,0.01621,0.04461,0.04863,0.011195
58,0.6336,0.61144,319,318,0.05278,0.461,0.02457,0.05492,0.07372,0.019304
59,0.61862,0.57418,311,310,0.05249,0.499,0.01995,0.0613,0.05984,0.021144
60,0.64209,0.49305,322,321,0.0292,0.251,0.01164,0.0342,0.03493,0.004051
61,0.63879,0.48776,324,323,0.0239,0.208,0.01068,0.02408,0.03205,0.003901
62,0.66136,0.54195,322,321,0.03902,0.338,0.01526,0.0444,0.04579,0.004104
63,0.73949,0.42878,285,284,0.0546,0.509,0.02794,0.04566,0.08383,0.00771
64,0.77936,0.42558,285,284,0.03739,0.34,0.01991,0.02953,0.05974,0.00626
65,0.68465,0.50868,244,241,0.08177,0.777,0.04385,0.0642,0.13156,0.029657
66,0.63919,0.25372,437,436,0.03387,0.303,0.01326,0.03557,0.03978,0.001674
67,0.62059,0.41556,476,475,0.01374,0.119,0.00636,0.01347,0.01909,0.001309
68,0.5862,0.54385,489,488,0.0165,0.149,0.00602,0.02014,0.01805,0.002332
69,0.72199,0.45493,233,232,0.04174,0.366,0.0211,0.03662,0.06329,0.025282
70,0.76904,0.45118,232,231,0.07485,0.661,0.03845,0.0637,0.11535,0.01949
71,0.77186,0.62721,231,230,0.07151,0.687,0.03246,0.07369,0.09739,0.062826
72,0.7121,0.61151,166,165,0.06546,0.57,0.03451,0.06173,0.10353,0.04559
73,0.674,0.51269,174,173,0.05333,0.467,0.02901,0.04588,0.08703,0.054546
74,0.70358,0.67909,286,285,0.06911,0.612,0.03923,0.04768,0.1177,0.132595
75,0.78023,0.42484,353,352,0.11572,1.009,0.06306,0.08378,0.18918,0.017351
76,0.79762,0.40497,358,357,0.1158,1.006,0.0606,0.0834,0.18179,0.016233
77,0.76831,0.34722,345,344,0.04631,0.408,0.02463,0.03394,0.07389,0.009861
78,0.67845,0.39639,298,297,0.03763,0.329,0.02131,0.02586,0.06394,0.019953
79,0.66426,0.35445,333,332,0.04212,0.366,0.02396,0.02843,0.07187,0.018868
80,0.67329,0.30476,343,342,0.03484,0.308,0.01979,0.02573,0.05938,0.009134
81,0.62269,0.48573,443,441,0.0421,0.406,0.01908,0.03856,0.05723,0.010192
82,0.72248,0.36795,441,440,0.0718,0.667,0.03607,0.05452,0.1082,0.015116
83,0.61553,0.58034,480,479,0.06808,0.593,0.03534,0.05133,0.10602,0.008523
84,0.71618,0.30468,439,438,0.08678,0.787,0.05097,0.05619,0.15292,0.011839
85,0.69617,0.28222,439,438,0.09718,0.898,0.05703,0.06373,0.1711,0.018061
86,0.76427,0.36046,447,446,0.0782,0.682,0.03931,0.05262,0.11792,0.022685
87,0.64735,0.29877,395,394,0.02076,0.18,0.0121,0.01547,0.0363,0.003238
88,0.64732,0.28517,393,392,0.01865,0.161,0.0111,0.01239,0.0333,0.003621
89,0.63579,0.24278,404,403,0.02126,0.185,0.00782,0.02917,0.02347,0.001616
90,0.81236,0.49772,366,365,0.09627,0.935,0.04585,0.07292,0.13756,0.198215
91,0.76417,0.69504,321,320,0.19615,1.732,0.07983,0.06559,0.2395,0.276724
92,0.79967,0.43329,391,390,0.07838,0.756,0.03881,0.06513,0.11642,0.0413
93,0.8,0.55702,220,219,0.04481,0.393,0.02475,0.03505,0.07426,0.046719
94,0.76833,0.5312,228,227,0.04533,0.395,0.02609,0.03283,0.07826,0.048061
95,0.79765,0.52362,229,228,0.08784,0.86,0.04788,0.06309,0.14364,0.040044
96,0.7923,0.76099,194,188,0.13571,1.251,0.06636,0.10031,0.19908,0.257497
97,0.8187,0.51009,221,220,0.06766,0.632,0.03711,0.0501,0.11134,0.01954
98,0.79163,0.6376,212,211,0.10586,1.029,0.04447,0.10457,0.13342,0.026427
99,0.64893,0.40274,236,235,0.01918,0.166,0.0094,0.0156,0.0282,0.002551
100,0.6292,0.44351,231,230,0.01967,0.169,0.01071,0.0166,0.03212,0.004949
101,0.65411,0.40255,228,227,0.01522,0.132,0.00779,0.01325,0.02337,0.003564
102,0.73215,0.48029,380,379,0.08424,0.777,0.04431,0.06316,0.13293,0.04517
103,0.66053,0.34074,373,372,0.05941,0.52,0.03266,0.04678,0.09799,0.014923
104,0.65901,0.27874,378,377,0.05055,0.441,0.02798,0.03873,0.08395,0.008817
105,0.67456,0.4089,401,399,0.08429,0.772,0.04205,0.06352,0.12615,0.00623
106,0.67512,0.37135,415,414,0.0327,0.283,0.01654,0.02506,0.04962,0.003942
107,0.64047,0.33134,421,420,0.03227,0.283,0.01597,0.02978,0.04792,0.004839
108,0.59661,0.57195,324,323,0.07719,0.683,0.04548,0.05582,0.13643,0.014862
109,0.59464,0.57059,313,312,0.0739,0.638,0.04157,0.05829,0.12472,0.024438
110,0.61915,0.53135,310,309,0.05689,0.502,0.031,0.05376,0.09299,0.021811
111,0.58465,0.6425,321,320,0.04575,0.411,0.01785,0.05261,0.05356,0.017126
112,0.576,0.65037,310,309,0.10041,0.893,0.04783,0.10074,0.1435,0.027963
113,0.58465,0.6425,321,320,0.04575,0.411,0.01785,0.05261,0.05356,0.017126
114,0.67622,0.34171,268,267,0.04807,0.422,0.02457,0.04387,0.07371,0.005723
115,0.65996,0.37744,272,271,0.03778,0.334,0.01496,0.04536,0.04488,0.00876
116,0.66543,0.30441,269,268,0.03127,0.272,0.015,0.02939,0.04499,0.008223
117,0.78623,0.40644,224,223,0.05633,0.492,0.03139,0.04282,0.09417,0.015323
118,0.73558,0.41782,234,233,0.06859,0.593,0.03822,0.05359,0.11466,0.019176
119,0.75251,0.35965,228,227,0.04778,0.42,0.0259,0.04193,0.07769,0.010353
120,0.68491,0.5213,229,228,0.07365,0.63,0.03277,0.09256,0.09832,0.021872
121,0.67812,0.5967,230,229,0.06811,0.603,0.02754,0.0784,0.08263,0.022149
122,0.66551,0.57009,230,229,0.04465,0.385,0.02019,0.0483,0.06058,0.012241
123,0.60333,0.24566,567,566,0.03345,0.291,0.01835,0.02541,0.05504,0.0033
124,0.56345,0.21761,578,577,0.01627,0.143,0.00955,0.01143,0.02864,0.002135
125,0.55221,0.20741,602,601,0.00656,0.057,0.00335,0.00522,0.01004,0.000618
126,0.64014,0.67291,166,165,0.14476,1.333,0.06802,0.085,0.20405,0.398969
127,0.63092,0.58637,243,242,0.05284,0.376,0.0276,0.02787,0.08281,0.109379
128,0.64393,0.57462,273,272,0.13118,1.171,0.0874,0.07295,0.26219,0.312417
129,0.74223,0.38481,320,319,0.03907,0.345,0.01994,0.03419,0.05983,0.007959
130,0.73136,0.31485,303,302,0.05792,0.507,0.03125,0.05481,0.09375,0.004996
131,0.75399,0.36358,308,307,0.03482,0.306,0.01844,0.02737,0.05531,0.004002
132,0.63507,0.34234,283,282,0.05873,0.503,0.03354,0.04432,0.10061,0.009272
133,0.65094,0.39729,282,281,0.04602,0.399,0.02868,0.02784,0.08605,0.018185
134,0.65865,0.39327,280,279,0.06301,0.548,0.03586,0.04726,0.10758,0.013382
135,0.61698,0.54541,314,313,0.01872,0.163,0.00897,0.0175,0.0269,0.003468
136,0.64508,0.58472,303,302,0.02623,0.232,0.01272,0.02476,0.03817,0.015044
137,0.62521,0.53539,328,327,0.02488,0.217,0.01284,0.02175,0.03853,0.00559
138,0.75399,0.77848,179,173,0.1122,0.987,0.05245,0.07951,0.15735,0.262408
139,0.7908,0.70571,222,221,0.09829,0.838,0.05275,0.06598,0.15826,0.061753
140,0.74456,0.71503,226,225,0.10164,0.852,0.04521,0.08421,0.13564,0.161894
141,0.60125,0.44782,351,350,0.02325,0.203,0.01308,0.01977,0.03924,0.00667
142,0.60081,0.50228,339,338,0.04873,0.44,0.02598,0.03988,0.07795,0.01343
143,0.62323,0.45198,333,332,0.03005,0.261,0.01712,0.02342,0.05137,0.011777
144,0.61539,0.20724,594,593,0.01691,0.148,0.00928,0.01293,0.02785,0.002904
145,0.62492,0.19559,577,576,0.01813,0.163,0.00925,0.01592,0.02774,0.002908
146,0.61626,0.17873,598,597,0.01967,0.171,0.01055,0.01665,0.03164,0.001828
147,0.56003,0.46637,488,487,0.13374,1.154,0.08144,0.08135,0.24433,0.006131
148,0.5532,0.34818,497,496,0.08411,0.779,0.05168,0.0511,0.15503,0.00703
149,0.57068,0.3761,498,497,0.08028,0.725,0.04969,0.04733,0.14907,0.013051
150,0.63133,0.36798,362,361,0.02685,0.237,0.01362,0.02129,0.04085,0.002416
151,0.61409,0.40233,359,358,0.03085,0.273,0.01493,0.02567,0.04478,0.002473
152,0.65789,0.36439,348,347,0.02733,0.239,0.01276,0.0244,0.03829,0.002513
153,0.67754,0.54731,268,267,0.09046,0.819,0.04465,0.09339,0.13396,0.01172
154,0.6819,0.47072,269,268,0.0855,0.828,0.041,0.08452,0.123,0.008768
155,0.68857,0.54937,270,269,0.06109,0.553,0.03106,0.04932,0.09318,0.006397
156,0.60243,0.52083,326,325,0.03146,0.276,0.01311,0.03563,0.03933,0.006557
157,0.61078,0.55249,320,319,0.02996,0.265,0.01373,0.0311,0.04118,0.006168
158,0.61203,0.60959,322,321,0.041,0.362,0.01947,0.04098,0.05841,0.005407
159,0.75772,0.42332,283,282,0.03231,0.279,0.01867,0.02406,0.056,0.015001
160,0.71322,0.44319,224,223,0.05533,0.469,0.03138,0.04047,0.09413,0.020715
161,0.75975,0.52351,230,227,0.07575,0.786,0.04051,0.06267,0.12153,0.01615
162,0.7884,0.51758,266,265,0.05574,0.583,0.02802,0.04425,0.08405,0.014802
163,0.76948,0.53788,252,251,0.09061,0.778,0.05254,0.06286,0.15761,0.058656
164,0.78089,0.58026,257,256,0.04915,0.482,0.02684,0.0393,0.08053,0.018649
165,0.81445,0.52792,317,316,0.09509,0.938,0.04012,0.09451,0.12035,0.010847
166,0.8077,0.48638,325,324,0.05181,0.49,0.0244,0.04805,0.0732,0.008833
167,0.71129,0.57576,330,329,0.06477,0.668,0.02687,0.06561,0.08061,0.008672
168,0.62873,0.60956,239,238,0.11152,0.998,0.04287,0.12801,0.1286,0.073704
169,0.65182,0.67519,237,236,0.1839,1.579,0.09998,0.12569,0.29994,0.199231
170,0.61493,0.6002,242,241,0.06602,0.578,0.03553,0.05983,0.1066,0.053351
171,0.75269,0.67407,299,298,0.09188,0.873,0.04599,0.08046,0.13796,0.053391
172,0.70874,0.66798,323,322,0.13096,1.165,0.06077,0.11551,0.18231,0.03067
173,0.76206,0.62183,310,309,0.04899,0.489,0.02215,0.05022,0.06646,0.01744
174,0.778,0.33606,309,308,0.02558,0.223,0.01312,0.02301,0.03937,0.005548
175,0.71434,0.36445,320,319,0.03691,0.328,0.0184,0.03553,0.0552,0.006862
176,0.70245,0.40455,324,323,0.04386,0.384,0.02473,0.03448,0.07419,0.007883
177,0.69934,0.41809,306,305,0.03939,0.346,0.02161,0.03203,0.06484,0.014482
178,0.69474,0.28747,416,415,0.05441,0.488,0.03027,0.03896,0.09082,0.006216
179,0.64148,0.50646,435,434,0.02956,0.262,0.01354,0.03162,0.04061,0.007668
180,0.75145,0.57752,387,386,0.14933,1.357,0.07591,0.0838,0.22773,0.109579
181,0.67848,0.54218,383,382,0.09748,0.953,0.04706,0.09331,0.14118,0.081737
182,0.68923,0.5671,335,334,0.06465,0.628,0.03279,0.05581,0.09836,0.066241
183,0.69145,0.52755,288,287,0.05613,0.497,0.02149,0.0676,0.06448,0.01496
184,0.6654,0.51596,304,303,0.08795,0.862,0.0389,0.08278,0.11671,0.027751
185,0.67838,0.60454,276,275,0.08761,0.967,0.04209,0.08942,0.12627,0.077393
186,0.71591,0.54311,310,309,0.04529,0.403,0.01796,0.05403,0.05389,0.025178
187,0.65289,0.53007,312,311,0.04288,0.382,0.01577,0.05497,0.04731,0.01207
188,0.66352,0.54912,295,294,0.04051,0.366,0.02165,0.03305,0.06494,0.013162
189,0.76107,0.6465,199,198,0.11834,1.065,0.06285,0.10453,0.18855,0.046785
190,0.76093,0.69013,200,199,0.07979,0.715,0.04089,0.0726,0.12267,0.055369
191,0.75192,0.70634,198,197,0.10353,0.969,0.05898,0.0779,0.17694,0.08719
192,0.76041,0.61683,275,274,0.12525,1.194,0.05842,0.1358,0.17526,0.05638
193,0.70072,0.64984,293,292,0.09127,0.895,0.03879,0.09892,0.11638,0.029593
194,0.78088,0.56929,262,261,0.14792,1.361,0.06416,0.16742,0.19247,0.043623
195,0.62966,0.32571,299,298,0.02684,0.233,0.01321,0.02342,0.03963,0.004878
196,0.61689,0.33804,301,300,0.02184,0.188,0.0113,0.0173,0.03391,0.002591
197,0.62399,0.29659,300,299,0.02095,0.182,0.01088,0.01896,0.03265,0.002471
198,0.76946,0.44355,351,350,0.05488,0.502,0.0229,0.05752,0.06871,0.004471
199,0.79658,0.45866,336,335,0.02061,0.18,0.0092,0.02115,0.02761,0.00316
200,0.8009,0.43934,338,337,0.02392,0.215,0.01028,0.02424,0.03084,0.00237
201,0.67956,0.49123,354,353,0.08886,0.814,0.05126,0.05748,0.15377,0.011013
202,0.67772,0.47714,188,187,0.0275,0.239,0.01316,0.02824,0.03949,0.009703
203,0.62713,0.53534,308,306,0.0333,0.307,0.01786,0.02741,0.05357,0.022333
204,0.76597,0.39811,416,415,0.0373,0.332,0.01815,0.03393,0.05445,0.007215
205,0.83764,0.3859,396,395,0.0623,0.567,0.0351,0.04542,0.1053,0.008609
206,0.77758,0.48721,384,383,0.07937,0.728,0.03747,0.08137,0.1124,0.014352
207,0.58136,0.47309,490,489,0.04731,0.426,0.02618,0.03557,0.07855,0.004622
208,0.59853,0.50208,479,478,0.02964,0.259,0.01723,0.02145,0.05169,0.013706
209,0.58006,0.45577,489,488,0.02694,0.231,0.01542,0.01856,0.04627,0.016301
210,0.72944,0.2711,606,605,0.02815,0.258,0.01178,0.02555,0.03533,0.005092
211,0.73085,0.33187,506,505,0.08189,0.742,0.04087,0.06094,0.12262,0.022341
212,0.73799,0.31159,609,608,0.02989,0.271,0.01317,0.02559,0.03951,0.006624
213,0.64625,0.29457,372,371,0.05385,0.471,0.02984,0.0446,0.08951,0.006491
214,0.68852,0.48725,319,318,0.0405,0.357,0.01833,0.04105,0.05499,0.005833
215,0.68983,0.40013,351,350,0.02526,0.237,0.01162,0.02299,0.03487,0.008552
216,0.85264,0.45972,252,251,0.06861,0.611,0.04262,0.04435,0.12786,0.010954
217,0.8507,0.4841,242,241,0.05021,0.442,0.02666,0.05297,0.07997,0.013294
218,0.85,0.50814,243,242,0.06822,0.605,0.04045,0.04879,0.12136,0.017161
219,0.64519,0.46165,193,192,0.02323,0.205,0.01099,0.02604,0.03298,0.011082
220,0.63973,0.42058,265,264,0.04538,0.414,0.02596,0.03089,0.07789,0.014303
221,0.65352,0.49225,149,148,0.02369,0.205,0.01182,0.02084,0.03547,0.008134
222,0.72671,0.51219,306,305,0.04516,0.396,0.02265,0.03901,0.06796,0.021066
223,0.75495,0.63768,227,226,0.07295,0.658,0.0359,0.05736,0.10769,0.114484
224,0.71739,0.55121,278,277,0.03609,0.306,0.01763,0.03558,0.05288,0.011418
225,0.80754,0.39255,329,328,0.14656,1.284,0.07991,0.09177,0.23972,0.011515
226,0.80006,0.51201,313,312,0.07272,0.628,0.04092,0.05176,0.12275,0.018215
227,0.79954,0.39002,310,308,0.06695,0.601,0.03687,0.05467,0.11062,0.009347
228,0.6389,0.31983,434,433,0.0371,0.351,0.01402,0.04268,0.04206,0.006069
229,0.66445,0.2894,431,430,0.03736,0.345,0.01893,0.03041,0.0568,0.013471
230,0.64601,0.37614,440,439,0.04413,0.397,0.02087,0.04379,0.06262,0.005245
231,0.82102,0.81817,185,184,0.22025,1.803,0.12428,0.11943,0.37283,0.267914
232,0.82411,0.80353,292,288,0.13841,1.196,0.06392,0.11153,0.19176,0.278253
233,0.82402,0.78969,348,345,0.15076,1.222,0.07297,0.09537,0.2189,0.226474
234,0.6547,0.30733,241,240,0.05227,0.459,0.02495,0.0527,0.07484,0.007899
235,0.65154,0.36501,237,236,0.08024,0.711,0.03901,0.07984,0.11702,0.008749
236,0.68753,0.55747,237,236,0.11903,1.067,0.06634,0.08744,0.19903,0.066882
237,0.62505,0.57261,243,242,0.10249,0.912,0.0583,0.07103,0.17491,0.011581
238,0.64486,0.49345,270,269,0.04975,0.44,0.02493,0.0415,0.07479,0.018302
239,0.62556,0.57142,260,259,0.04871,0.438,0.02549,0.04141,0.07648,0.009957
240,0.75039,0.69035,377,376,0.21242,1.86,0.0952,0.18436,0.2856,0.379696
241,0.77913,0.5317,380,379,0.21597,1.901,0.09648,0.13585,0.28943,0.381211
242,0.75777,0.6443,281,279,0.20392,1.746,0.10336,0.12099,0.31007,0.474775
243,0.58222,0.52629,116,115,0.10091,0.9,0.05644,0.09132,0.16931,0.037388
244,0.59658,0.5698,105,103,0.08125,0.704,0.03963,0.09888,0.11889,0.028611
245,0.63389,0.64275,84,83,0.1161,1.052,0.06292,0.10098,0.18877,0.14604
246,0.82329,0.54703,377,376,0.14769,1.307,0.07931,0.12271,0.23792,0.061297
247,0.81274,0.46932,382,381,0.14523,1.343,0.07168,0.14711,0.21504,0.034518
248,0.81822,0.38852,378,377,0.09875,0.88,0.05248,0.08028,0.15745,0.02266
249,0.71266,0.40057,460,459,0.08006,0.723,0.04015,0.07049,0.12046,0.009366
250,0.7852,0.32795,451,450,0.06032,0.53,0.031,0.04349,0.093,0.008618
251,0.7568,0.30563,441,440,0.0693,0.608,0.03697,0.05544,0.1109,0.007809
252,0.80358,0.43221,440,439,0.06533,0.622,0.03645,0.04768,0.10936,0.020261
253,0.80533,0.46087,435,434,0.07703,0.677,0.04406,0.05429,0.13218,0.029597
254,0.81383,0.39573,408,407,0.09832,0.9,0.05822,0.06613,0.17467,0.034295
255,0.76378,0.31554,340,339,0.01833,0.162,0.00777,0.01811,0.02332,0.002165
256,0.72659,0.29898,347,346,0.02268,0.198,0.01205,0.01942,0.03616,0.003106
257,0.74706,0.30645,337,336,0.01931,0.173,0.00892,0.01767,0.02675,0.001613
258,0.78336,0.62128,287,286,0.08069,0.823,0.04566,0.05566,0.13697,0.096923
259,0.8063,0.48759,305,304,0.063,0.551,0.03327,0.05464,0.0998,0.021848
260,0.7213,0.53226,301,300,0.04261,0.376,0.02106,0.04114,0.06319,0.009654
261,0.7527,0.83478,169,166,0.14193,1.28,0.06961,0.10834,0.20882,0.177524
262,0.74257,0.76349,250,244,0.17707,1.586,0.09516,0.11635,0.28549,0.247211
263,0.73379,0.76142,215,211,0.14301,1.226,0.07608,0.10385,0.22823,0.168917
264,0.79935,0.5251,193,192,0.1055,0.93,0.05578,0.09004,0.16733,0.02657
265,0.78018,0.58858,194,193,0.07028,0.614,0.04024,0.05061,0.12072,0.026411
266,0.79988,0.50093,193,192,0.07358,0.671,0.0396,0.05617,0.1188,0.022757
267,0.60323,0.2283,439,438,0.02307,0.2,0.01199,0.01724,0.03596,0.007034
268,0.61757,0.31786,435,434,0.01242,0.108,0.00633,0.00976,0.01898,0.008129
269,0.59032,0.25695,431,430,0.02731,0.24,0.01415,0.02276,0.04245,0.004896
270,0.6462,0.69831,168,167,0.0671,0.601,0.03272,0.06528,0.09817,0.147801
271,0.62722,0.71161,225,222,0.05731,0.527,0.02945,0.04783,0.08834,0.119954
272,0.62704,0.76084,179,178,0.13173,1.125,0.07051,0.10453,0.21154,0.242836
273,0.82153,0.62935,230,229,0.09828,0.847,0.05321,0.06108,0.15962,0.137322
274,0.76678,0.59326,219,218,0.06033,0.539,0.02798,0.06841,0.08394,0.025566
275,0.7375,0.72322,220,218,0.10299,1.049,0.04939,0.09879,0.14818,0.176409
276,0.64398,0.4532,338,337,0.03469,0.318,0.01453,0.0346,0.04358,0.008004
277,0.61898,0.36909,338,337,0.02962,0.259,0.01464,0.03165,0.04392,0.009276
278,0.61833,0.38493,339,338,0.06054,0.527,0.02739,0.06334,0.08218,0.009004
279,0.73877,0.34552,367,366,0.07718,0.767,0.04471,0.05496,0.13412,0.013295
280,0.73829,0.37431,351,350,0.03804,0.336,0.02126,0.02979,0.06378,0.007645
281,0.77339,0.40374,345,344,0.03213,0.278,0.01685,0.02677,0.05056,0.011448
282,0.77079,0.4467,252,251,0.0382,0.334,0.01807,0.03757,0.05422,0.011453
283,0.7381,0.59101,260,259,0.08989,0.829,0.03487,0.09356,0.1046,0.035476
284,0.75465,0.49046,298,297,0.03401,0.297,0.0157,0.03453,0.04709,0.015804
285,0.71766,0.67393,337,336,0.13898,1.225,0.07778,0.10176,0.23334,0.14871
286,0.72082,0.68923,249,248,0.14202,1.273,0.07791,0.10682,0.23374,0.147699
287,0.68431,0.69715,274,272,0.13619,1.233,0.07107,0.10166,0.2132,0.179925
288,0.61508,0.56689,189,188,0.025,0.217,0.01259,0.02123,0.03777,0.021289
289,0.61108,0.60199,187,186,0.02995,0.263,0.01569,0.02674,0.04706,0.020273
290,0.60957,0.61838,169,168,0.07584,0.662,0.04062,0.05971,0.12187,0.023052
291,0.6586,0.69425,264,263,0.10778,1.038,0.03792,0.11841,0.11377,0.073149
292,0.65942,0.61841,308,307,0.06475,0.608,0.02118,0.08029,0.06355,0.028117
293,0.64777,0.57496,310,306,0.07884,0.811,0.02825,0.09597,0.08474,0.048695
294,0.69954,0.42302,332,331,0.03451,0.306,0.01631,0.03374,0.04894,0.004577
295,0.6761,0.4033,326,325,0.03673,0.325,0.01711,0.03456,0.05132,0.005095
296,0.70452,0.45814,333,332,0.02894,0.253,0.01466,0.02651,0.04399,0.005129
297,0.6646,0.40691,339,338,0.02781,0.241,0.01497,0.02214,0.0449,0.021977
298,0.62949,0.39215,366,365,0.03542,0.312,0.01866,0.03222,0.05599,0.019441
299,0.61701,0.31781,380,379,0.02397,0.208,0.01258,0.01996,0.03773,0.009935
300,0.69294,0.60722,243,242,0.07943,0.699,0.04145,0.06524,0.12434,0.035057
301,0.73781,0.63977,251,250,0.05967,0.551,0.03238,0.04764,0.09714,0.04105
302,0.70919,0.58695,251,250,0.06962,0.62,0.03659,0.06268,0.10976,0.023747
303,0.83305,0.39615,326,325,0.04743,0.418,0.02393,0.04594,0.07179,0.01382
304,0.8384,0.40742,332,331,0.08141,0.806,0.04202,0.07261,0.12606,0.017455
305,0.84019,0.56599,302,301,0.11355,1.068,0.06083,0.09916,0.1825,0.050009
306,0.81849,0.66382,245,244,0.12292,1.111,0.06533,0.08076,0.196,0.18098
307,0.82995,0.63092,244,243,0.14376,1.252,0.07535,0.07569,0.22604,0.104469
308,0.82147,0.65097,252,251,0.14341,1.339,0.07911,0.10529,0.23732,0.122973
309,0.71929,0.62965,276,275,0.04963,0.449,0.02779,0.036,0.08337,0.044763
310,0.75809,0.66084,192,191,0.0391,0.347,0.0209,0.03615,0.06269,0.110071
311,0.63802,0.4893,489,488,0.07375,0.658,0.04307,0.04858,0.1292,0.012535
312,0.65016,0.53054,387,386,0.06255,0.548,0.03319,0.05256,0.09958,0.009741
313,0.66967,0.64706,334,332,0.10747,1.014,0.05099,0.09029,0.15297,0.078265
314,0.7303,0.69055,277,274,0.05408,0.555,0.02768,0.04179,0.08303,0.108623
315,0.68074,0.55504,338,337,0.03648,0.321,0.01813,0.03318,0.05439,0.015832
316,0.74653,0.56571,274,273,0.08411,0.759,0.0431,0.06373,0.12931,0.06609
317,0.76699,0.58278,310,309,0.09727,0.879,0.05426,0.06644,0.16279,0.061007
318,0.79407,0.6768,193,192,0.05571,0.479,0.02143,0.05906,0.06429,0.027188
319,0.72515,0.71831,171,170,0.12978,1.208,0.06505,0.12074,0.19515,0.025068
320,0.75134,0.72058,182,181,0.13756,1.248,0.07109,0.10791,0.21328,0.070029
321,0.76934,0.2656,259,258,0.03849,0.336,0.0204,0.03143,0.06119,0.006051
322,0.75683,0.30971,256,255,0.09482,0.842,0.05106,0.06982,0.15317,0.009839
323,0.73701,0.32604,254,253,0.05572,0.496,0.02879,0.04817,0.08636,0.008666
324,0.70506,0.53729,574,573,0.0863,0.81,0.03973,0.08508,0.1192,0.113021
325,0.72366,0.53014,574,573,0.06021,0.617,0.02471,0.06107,0.07414,0.103067
326,0.75823,0.39771,547,546,0.03702,0.347,0.01627,0.03248,0.04882,0.04912
327,0.63061,0.42443,428,427,0.04944,0.445,0.01512,0.06779,0.04535,0.00743
328,0.74008,0.48237,415,414,0.06876,0.664,0.03576,0.05549,0.10729,0.034004
329,0.74535,0.47555,396,395,0.05556,0.558,0.02515,0.05292,0.07544,0.00961
330,0.77328,0.69376,214,210,0.12661,1.095,0.07428,0.0789,0.22283,0.202714
331,0.77695,0.65634,240,239,0.1597,1.342,0.09607,0.09051,0.2882,0.065811
332,0.77757,0.60196,237,236,0.12486,1.141,0.07183,0.09852,0.21548,0.031784
333,0.63853,0.62918,226,225,0.0382,0.333,0.01908,0.03535,0.05725,0.018134
334,0.70036,0.55794,237,236,0.0596,0.537,0.02788,0.05621,0.08365,0.016292
335,0.68926,0.53644,235,234,0.06439,0.562,0.03002,0.05791,0.09006,0.010043
336,0.68605,0.62128,281,280,0.06104,0.568,0.02708,0.05902,0.08123,0.052633
337,0.67737,0.642,233,230,0.09827,0.91,0.04732,0.0798,0.14196,0.100221
338,0.69588,0.53673,337,336,0.05738,0.554,0.02924,0.04787,0.08773,0.036348
339,0.733,0.87123,2,1,0.067457503,0.606084525,0.034415969,0.055173155,0.103247815,0.611854
340,0.72217,0.83083,94,80,0.10718,1.05,0.04679,0.04256,0.14036,0.509368
341,0.74697,0.77737,170,166,0.09045,0.838,0.04109,0.06166,0.12328,0.213835
342,0.65177,0.45816,311,310,0.0361,0.325,0.01424,0.04302,0.04271,0.005469
343,0.67243,0.46677,308,307,0.03287,0.296,0.01415,0.03861,0.04245,0.005376
344,0.64623,0.49621,315,314,0.03858,0.337,0.02124,0.03209,0.06373,0.006921
345,0.66463,0.62004,322,321,0.06313,0.567,0.03141,0.05967,0.09422,0.033515
346,0.68181,0.59704,313,312,0.07792,0.731,0.02836,0.09389,0.08508,0.027108
347,0.65759,0.58702,319,318,0.09284,0.823,0.04165,0.09557,0.12496,0.026894
348,0.83028,0.53164,271,270,0.07528,0.682,0.03772,0.06506,0.11316,0.04011
349,0.80177,0.51124,290,289,0.04776,0.432,0.02305,0.04471,0.06916,0.02966
350,0.8008,0.67406,223,222,0.22316,2.019,0.09707,0.10482,0.29121,0.128793
351,0.75277,0.49163,325,324,0.03556,0.311,0.01972,0.02476,0.05915,0.00956
352,0.77017,0.55926,237,235,0.06281,0.635,0.03683,0.0453,0.1105,0.037388
353,0.80132,0.60996,214,213,0.08512,0.944,0.03936,0.08606,0.11807,0.030886
354,0.67589,0.37876,380,379,0.07704,0.714,0.03737,0.07048,0.11212,0.018577
355,0.7124,0.44468,369,368,0.07865,0.715,0.0441,0.06127,0.13231,0.032144
356,0.73382,0.44526,368,367,0.08156,0.726,0.04493,0.05538,0.13478,0.043944
357,0.6008,0.45536,492,491,0.02412,0.208,0.01382,0.01942,0.04146,0.009389
358,0.57478,0.44878,520,519,0.01961,0.174,0.00991,0.01766,0.02972,0.004478
359,0.69187,0.39397,435,434,0.02626,0.234,0.01239,0.02457,0.03718,0.00503
360,0.66483,0.45195,400,399,0.0473,0.42,0.02661,0.03497,0.07983,0.012359
361,0.70349,0.51062,274,273,0.05832,0.52,0.0323,0.04599,0.09689,0.015214
362,0.70233,0.45032,231,230,0.04978,0.449,0.02503,0.04435,0.07508,0.015104
363,0.68979,0.58051,160,159,0.04511,0.399,0.02125,0.0452,0.06375,0.02532
364,0.70908,0.57726,169,168,0.04371,0.396,0.02155,0.03957,0.06465,0.07991
365,0.67996,0.62821,170,169,0.04831,0.422,0.02651,0.04004,0.07953,0.138162
366,0.77131,0.3514,428,427,0.1219,1.116,0.06929,0.09172,0.20787,0.017609
367,0.7487,0.44122,334,332,0.09398,0.895,0.04844,0.08007,0.14532,0.036601
368,0.72559,0.37811,396,395,0.06653,0.588,0.03842,0.04804,0.11527,0.024215
369,0.77879,0.29519,441,440,0.04034,0.347,0.02081,0.03144,0.06242,0.004188
370,0.80293,0.29879,365,364,0.03252,0.288,0.01847,0.02273,0.0554,0.005557
371,0.73961,0.20569,445,444,0.01795,0.155,0.00919,0.01528,0.02758,0.002733
372,0.80944,0.45038,259,257,0.12641,1.169,0.06968,0.08681,0.20904,0.313611
373,0.73462,0.64849,303,302,0.1069,1.004,0.05784,0.08658,0.17352,0.228924
374,0.80358,0.43866,330,329,0.13929,1.262,0.07637,0.10906,0.2291,0.342601
375,0.68265,0.39428,443,442,0.04463,0.387,0.02656,0.02914,0.07967,0.012435
376,0.75185,0.31383,414,413,0.02742,0.24,0.01604,0.01966,0.04811,0.00565
377,0.67408,0.38991,371,369,0.04364,0.383,0.02179,0.02938,0.06538,0.012844
378,0.63359,0.58087,236,235,0.05532,0.477,0.03012,0.04628,0.09037,0.027062
379,0.6614,0.59945,234,233,0.11617,1.025,0.05861,0.09692,0.17583,0.020172
380,0.64814,0.57728,233,232,0.05456,0.49,0.02194,0.06582,0.06582,0.026979
381,0.65781,0.5799,243,242,0.07039,0.634,0.02632,0.09017,0.07897,0.028973
382,0.64883,0.61752,240,239,0.11204,1.015,0.04562,0.13472,0.13687,0.032883
383,0.64809,0.60227,243,242,0.11485,1.019,0.05436,0.12569,0.16307,0.027801
384,0.59259,0.44395,354,353,0.04576,0.403,0.01766,0.05682,0.05299,0.016856
385,0.61812,0.50801,343,342,0.03643,0.353,0.01548,0.04354,0.04645,0.036894
386,0.62297,0.43552,346,345,0.04541,0.408,0.01642,0.0588,0.04926,0.013617
387,0.82226,0.49608,222,221,0.05127,0.449,0.0258,0.04601,0.07741,0.011427
388,0.75801,0.44431,242,241,0.03348,0.297,0.01528,0.03094,0.04584,0.007774
389,0.78527,0.38375,248,247,0.03495,0.308,0.01919,0.02778,0.05758,0.00968
390,0.74743,0.39006,285,283,0.03006,0.262,0.01659,0.02224,0.04978,0.005402
391,0.76425,0.38134,320,319,0.04862,0.424,0.02654,0.03622,0.07963,0.003476
392,0.7506,0.26411,315,314,0.04229,0.368,0.02345,0.0297,0.07035,0.003743
393,0.56441,0.45199,346,345,0.04119,0.34,0.02093,0.03604,0.06279,0.005968
394,0.56906,0.3122,353,352,0.01778,0.158,0.00867,0.01577,0.02601,0.004593
395,0.55428,0.46088,487,486,0.04187,0.37,0.02476,0.02824,0.07428,0.002344
396,0.56865,0.33386,395,394,0.01558,0.141,0.00765,0.01304,0.02294,0.003454
397,0.54532,0.41415,397,396,0.01859,0.162,0.00972,0.0162,0.02915,0.002403
398,0.56677,0.31278,387,386,0.02764,0.245,0.01429,0.02388,0.04287,0.005459
399,0.60866,0.59179,472,471,0.04287,0.352,0.02059,0.03468,0.06178,0.018587
400,0.72388,0.47747,400,399,0.02931,0.266,0.01312,0.0262,0.03935,0.004439
401,0.66496,0.5572,466,465,0.03478,0.317,0.01477,0.03515,0.0443,0.011169
402,0.65579,0.53044,268,267,0.06419,0.582,0.02189,0.07991,0.06567,0.014819
403,0.67006,0.60602,273,272,0.04111,0.374,0.0153,0.05189,0.0459,0.011383
404,0.65929,0.54717,276,275,0.05167,0.461,0.01899,0.066,0.05697,0.01888
405,0.63369,0.31108,451,450,0.02409,0.21,0.01339,0.0181,0.04017,0.005988
406,0.62775,0.40481,430,429,0.03193,0.277,0.01804,0.02614,0.05411,0.004796
407,0.56678,0.28857,463,462,0.01858,0.162,0.00994,0.0155,0.02982,0.0026
408,0.78653,0.37494,422,421,0.03196,0.262,0.01843,0.02085,0.0553,0.006431
409,0.82139,0.36368,418,417,0.02297,0.202,0.01092,0.02075,0.03277,0.002107
410,0.83561,0.3334,372,371,0.02804,0.244,0.01417,0.02514,0.04252,0.002207
411,0.77192,0.67901,269,268,0.11139,1.017,0.05472,0.09483,0.16416,0.077545
412,0.80404,0.57411,310,309,0.1959,1.71,0.10436,0.13464,0.31309,0.071728
413,0.62471,0.70711,289,288,0.10547,0.896,0.05445,0.10765,0.16334,0.08735
414,0.73685,0.32865,344,343,0.01803,0.157,0.0095,0.01501,0.02849,0.006899
415,0.73327,0.43302,285,283,0.06073,0.518,0.03355,0.0445,0.10064,0.02324
416,0.72633,0.68507,163,162,0.07458,0.65,0.03696,0.06651,0.11088,0.055364
417,0.78105,0.49774,299,298,0.06622,0.584,0.03466,0.05332,0.10397,0.022623
418,0.78507,0.69633,142,140,0.13948,1.291,0.07111,0.11037,0.21332,0.096865
419,0.79558,0.47545,307,306,0.122,1.065,0.06839,0.07669,0.20518,0.024633
420,0.82582,0.53232,348,347,0.11797,1.074,0.06554,0.09391,0.19661,0.045338
421,0.80043,0.48461,291,290,0.05296,0.47,0.02959,0.0385,0.08878,0.025692
422,0.79539,0.51802,351,350,0.06882,0.609,0.0361,0.06112,0.10831,0.023478
423,0.75667,0.81928,191,183,0.22167,1.886,0.11714,0.2379,0.35142,0.617838
424,0.78076,0.806,237,236,0.20101,1.798,0.09669,0.055173155,0.29008,0.638835
425,0.75583,0.8498,112,107,0.21727,1.769,0.13051,0.13401,0.39154,0.761696
426,0.69771,0.50633,415,413,0.04647,0.572,0.01992,0.04486,0.05977,0.034463
427,0.70809,0.47168,441,439,0.05372,0.6,0.0261,0.04773,0.07829,0.037006
428,0.71427,0.40286,426,424,0.04988,0.568,0.02501,0.04355,0.07503,0.014834
429,0.67677,0.45174,248,247,0.03922,0.34,0.0219,0.03254,0.06569,0.007682
430,0.67507,0.42552,247,246,0.05261,0.466,0.02565,0.05451,0.07694,0.006007
431,0.67967,0.49348,245,244,0.0338,0.294,0.01728,0.03052,0.05184,0.006196
432,0.80616,0.62656,376,375,0.09378,0.855,0.05146,0.0665,0.15437,0.032119
433,0.75368,0.50213,493,492,0.15607,1.464,0.07742,0.11837,0.23225,0.025295
434,0.73467,0.42786,510,509,0.04745,0.445,0.02268,0.04161,0.06803,0.011548
435,0.63558,0.37521,344,343,0.03483,0.303,0.02,0.0269,0.06001,0.00678
436,0.6138,0.38755,348,347,0.03067,0.303,0.01445,0.02476,0.04335,0.019138
437,0.67772,0.43893,340,339,0.02842,0.248,0.01041,0.03345,0.03123,0.009904
438,0.64908,0.74388,179,178,0.06461,0.595,0.02795,0.06967,0.08384,0.16295
439,0.63304,0.69299,210,209,0.04118,0.356,0.01486,0.05376,0.04458,0.058866
440,0.60253,0.63306,220,219,0.08383,0.708,0.03698,0.08635,0.11093,0.032322
441,0.64051,0.20677,585,584,0.03979,0.349,0.02147,0.03114,0.06442,0.005687
442,0.62204,0.1543,595,594,0.04252,0.369,0.02072,0.03928,0.06217,0.003161
443,0.6694,0.24177,564,563,0.04217,0.383,0.02306,0.03342,0.06917,0.005174
444,0.6893,0.49566,304,302,0.03636,0.328,0.01824,0.02862,0.05471,0.014489
445,0.70115,0.48075,337,336,0.04612,0.422,0.02308,0.03284,0.06923,0.012246
446,0.69,0.48311,340,339,0.04125,0.375,0.02475,0.02875,0.07426,0.00832
447,0.57761,0.26036,551,550,0.0111,0.097,0.00566,0.00882,0.01697,0.001742
448,0.58595,0.28966,547,546,0.09302,0.805,0.05468,0.05951,0.16404,0.004559
449,0.57227,0.21349,554,553,0.01102,0.096,0.0058,0.00906,0.01741,0.001264
450,0.67496,0.64856,247,246,0.06673,0.6,0.02764,0.07802,0.08292,0.047431
451,0.65268,0.63224,250,249,0.06293,0.568,0.02892,0.06038,0.08677,0.152961
452,0.65512,0.60548,256,255,0.06042,0.535,0.02536,0.07263,0.07607,0.125329
453,0.70769,0.67057,243,241,0.10127,0.922,0.04839,0.09698,0.14516,0.093712
454,0.68671,0.66074,187,184,0.11594,1.071,0.06019,0.09819,0.18056,0.082601
455,0.63347,0.81889,140,131,0.09861,0.927,0.04866,0.08309,0.14597,0.350338
456,0.71171,0.33689,262,261,0.05564,0.487,0.03095,0.04315,0.09286,0.012148
457,0.81429,0.35439,256,255,0.03398,0.297,0.01831,0.02935,0.05493,0.004307
458,0.81179,0.35174,257,256,0.04046,0.352,0.022,0.03097,0.06601,0.005078
459,0.7616,0.63873,197,196,0.04483,0.402,0.02041,0.05574,0.06123,0.08549
460,0.71624,0.61499,224,223,0.0284,0.254,0.01328,0.02897,0.03984,0.028196
461,0.69896,0.56694,232,231,0.02229,0.195,0.01005,0.02413,0.03015,0.022417
462,0.83046,0.51554,173,172,0.03442,0.304,0.01781,0.03046,0.05342,0.007262
463,0.8135,0.50926,173,172,0.02002,0.174,0.00948,0.02021,0.02843,0.009169
464,0.85123,0.55372,174,173,0.03799,0.334,0.01782,0.03617,0.05347,0.009814
465,0.80645,0.50686,219,218,0.05036,0.475,0.02757,0.04284,0.0827,0.027141
466,0.7658,0.61716,230,229,0.08985,0.801,0.04603,0.07501,0.1381,0.070248
467,0.83083,0.55985,250,249,0.05252,0.458,0.03119,0.03854,0.09358,0.049098
468,0.62955,0.58436,907,905,0.19746,1.658,0.10554,0.14641,0.31663,0.183881
469,0.63303,0.66652,305,304,0.17188,1.474,0.09051,0.12624,0.27152,0.27769
470,0.656,0.59176,598,579,0.21267,1.862,0.09314,0.07348,0.27941,0.511002
471,0.62911,0.63317,188,187,0.10092,0.899,0.05991,0.07574,0.17972,0.053757
472,0.63232,0.65861,187,186,0.14582,1.238,0.08199,0.11149,0.24596,0.063547
473,0.63445,0.62596,187,186,0.10894,0.979,0.05626,0.09824,0.16878,0.051
474,0.67753,0.45232,308,307,0.03447,0.301,0.01724,0.03084,0.05172,0.022106
475,0.66248,0.3896,350,349,0.03136,0.276,0.01425,0.03294,0.04275,0.005749
476,0.64001,0.27254,361,360,0.01937,0.169,0.00925,0.01937,0.02774,0.004346
477,0.8146,0.55276,291,290,0.15252,1.339,0.0833,0.11079,0.24989,0.046684
478,0.77915,0.5923,307,306,0.07552,0.72,0.03976,0.06152,0.11929,0.029018
479,0.77247,0.62191,295,294,0.08107,0.765,0.04372,0.06712,0.13116,0.015383
480,0.59093,0.48198,320,319,0.03365,0.29,0.01442,0.03572,0.04325,0.003219
481,0.58615,0.36262,331,330,0.01302,0.115,0.00482,0.01508,0.01445,0.001369
482,0.59296,0.34836,349,348,0.01925,0.168,0.00862,0.01891,0.02585,0.002351
483,0.73432,0.40357,297,296,0.06773,0.591,0.03348,0.06678,0.10045,0.020642
484,0.679,0.38701,300,299,0.0279,0.244,0.01125,0.03138,0.03374,0.007983
485,0.64137,0.32355,291,290,0.02228,0.196,0.00668,0.02854,0.02004,0.00362
486,0.77541,0.60502,439,438,0.14182,1.306,0.07367,0.10609,0.221,0.194802
487,0.73245,0.53645,444,443,0.09352,0.877,0.05356,0.06355,0.16069,0.071831
488,0.7414,0.52277,425,424,0.12483,1.226,0.07081,0.08723,0.21244,0.075318
489,0.72695,0.35231,300,299,0.04799,0.415,0.0259,0.03854,0.0777,0.014247
490,0.70792,0.34619,295,294,0.07297,0.644,0.04335,0.04587,0.13004,0.01573
491,0.70446,0.364,296,295,0.04471,0.388,0.0261,0.02824,0.07831,0.015819
492,0.68788,0.54836,241,240,0.0406,0.355,0.01922,0.04219,0.05766,0.007992
493,0.70105,0.5248,245,244,0.04818,0.429,0.02709,0.04283,0.08127,0.010799
494,0.707,0.61779,226,224,0.08232,0.714,0.04828,0.05545,0.14484,0.069378
495,0.65873,0.47045,331,330,0.06081,0.529,0.0308,0.0519,0.09241,0.007089
496,0.64467,0.37645,329,328,0.01879,0.165,0.0086,0.01832,0.0258,0.002231
497,0.64256,0.34446,351,350,0.01781,0.158,0.00754,0.01737,0.02263,0.001479
498,0.72443,0.51084,313,312,0.0686,0.629,0.03649,0.05644,0.10948,0.029653
499,0.72333,0.41944,300,299,0.04102,0.372,0.01982,0.03705,0.05946,0.019212
500,0.7371,0.40519,305,304,0.04007,0.352,0.01983,0.03659,0.0595,0.016985
501,0.70612,0.33944,257,256,0.11166,1.004,0.04956,0.12083,0.14867,0.004284
502,0.70275,0.46831,251,250,0.07266,0.66,0.03829,0.06388,0.11488,0.016998
503,0.71816,0.45878,250,249,0.05145,0.456,0.02956,0.03875,0.08867,0.017017
504,0.73284,0.68941,196,195,0.06958,0.605,0.03477,0.05886,0.10432,0.106019
505,0.7105,0.68447,215,213,0.10859,1.041,0.05111,0.10522,0.15332,0.216974
506,0.7262,0.79958,197,193,0.15591,1.37,0.07921,0.09002,0.23763,0.492517
507,0.74366,0.67797,399,397,0.11643,1.122,0.04829,0.06991,0.14488,0.211434
508,0.67631,0.60931,269,268,0.05427,0.556,0.01752,0.07227,0.05257,0.037553
509,0.71209,0.78962,444,437,0.17157,1.525,0.08231,0.13494,0.24693,0.455681
510,0.6622,0.49417,327,326,0.07201,0.633,0.03906,0.06118,0.11717,0.017526
511,0.66817,0.57225,202,201,0.05639,0.497,0.02838,0.05114,0.08514,0.048656
512,0.67475,0.51429,269,267,0.04724,0.416,0.02687,0.03335,0.08061,0.026237
513,0.73106,0.44166,343,342,0.0991,0.918,0.04517,0.09225,0.1355,0.02561
514,0.72175,0.45346,346,345,0.10146,0.94,0.04252,0.1071,0.12755,0.027023
515,0.75898,0.58395,345,344,0.13906,1.255,0.06785,0.11686,0.20355,0.054566
516,0.57804,0.45742,345,344,0.03289,0.266,0.01494,0.03758,0.04483,0.015435
517,0.59353,0.5131,270,269,0.06447,0.596,0.02498,0.08364,0.07495,0.047781
518,0.59987,0.30515,429,428,0.01529,0.133,0.00704,0.01549,0.02113,0.002478
519,0.57376,0.47711,347,346,0.02833,0.243,0.01501,0.02428,0.04504,0.008894
520,0.60091,0.43949,337,336,0.13642,1.206,0.07507,0.08842,0.22521,0.013592
521,0.5969,0.53872,349,348,0.04567,0.403,0.02435,0.03359,0.07304,0.026776
522,0.70069,0.49545,288,287,0.0446,0.394,0.02039,0.04695,0.06116,0.033331
523,0.70179,0.42443,290,289,0.07176,0.659,0.02368,0.09118,0.07103,0.020589
524,0.69312,0.46323,265,264,0.05264,0.511,0.02049,0.05761,0.06146,0.014462
525,0.56511,0.35368,465,464,0.02129,0.189,0.00983,0.02092,0.02948,0.001613
526,0.60622,0.38094,381,380,0.05735,0.529,0.03317,0.03972,0.09951,0.01377
527,0.55586,0.38894,503,502,0.02722,0.244,0.01285,0.02519,0.03854,0.002465
528,0.65217,0.342,386,385,0.06442,0.562,0.03549,0.04546,0.10647,0.004091
529,0.6489,0.35951,382,381,0.0541,0.478,0.03074,0.03768,0.09221,0.007162
530,0.63631,0.42202,377,376,0.05671,0.514,0.02952,0.04651,0.08856,0.005988
531,0.6523,0.55044,159,158,0.03363,0.29,0.01424,0.03445,0.04273,0.014461
532,0.66976,0.38952,326,325,0.02806,0.247,0.01636,0.02051,0.04908,0.012963
533,0.68218,0.27187,332,331,0.04893,0.426,0.03061,0.03059,0.09182,0.011084
534,0.56036,0.43246,800,799,0.08468,0.628,0.0496,0.0495,0.14881,0.035029
535,0.60266,0.55819,548,540,0.0634,0.564,0.03309,0.03783,0.09928,0.150677
536,0.59,0.58835,406,403,0.07081,0.656,0.03789,0.05247,0.11367,0.080938
537,0.78342,0.63352,239,238,0.08668,0.78,0.05071,0.04989,0.15213,0.077673
538,0.64595,0.71262,193,187,0.20566,1.804,0.1023,0.1374,0.30689,0.655696
539,0.69852,0.78771,225,223,0.10392,0.955,0.05782,0.07564,0.17345,0.153746
540,0.65005,0.60727,493,492,0.08901,0.794,0.05089,0.06584,0.15267,0.136096
541,0.67406,0.64336,499,498,0.20952,1.825,0.10229,0.13534,0.30688,0.232569
542,0.6726,0.72408,493,492,0.17102,1.492,0.07968,0.12889,0.23904,0.247303
543,0.76943,0.36572,419,418,0.12603,1.148,0.07363,0.0787,0.2209,0.01085
544,0.7514,0.32329,418,417,0.02058,0.18,0.01064,0.01662,0.03191,0.006444
545,0.81237,0.5112,371,370,0.05049,0.561,0.02321,0.03787,0.06962,0.020416
546,0.74531,0.41387,320,319,0.06872,0.606,0.04141,0.04113,0.12422,0.011861
547,0.6926,0.48507,322,321,0.07979,0.714,0.0467,0.05354,0.14009,0.010161
548,0.73841,0.36432,326,325,0.08058,0.711,0.05059,0.04453,0.15177,0.018913
549,0.83549,0.37656,256,255,0.02717,0.239,0.01169,0.02713,0.03508,0.005611
550,0.81018,0.40855,269,268,0.07032,0.655,0.03749,0.06167,0.11246,0.008229
551,0.80527,0.5386,273,272,0.06588,0.58,0.03495,0.05065,0.10486,0.010614
552,0.81664,0.38811,406,405,0.07969,0.839,0.04579,0.05141,0.13737,0.022841
553,0.80874,0.35351,422,421,0.06351,0.643,0.03466,0.04228,0.10399,0.015697
554,0.80818,0.45743,405,404,0.07421,0.735,0.03587,0.05916,0.1076,0.025163
555,0.71228,0.47668,272,271,0.04867,0.424,0.02528,0.04218,0.07583,0.020439
556,0.76449,0.45718,272,271,0.0376,0.319,0.01992,0.02849,0.05975,0.017084
557,0.76316,0.42171,272,271,0.04627,0.404,0.02605,0.03261,0.07816,0.013357
558,0.8144,0.36888,257,256,0.03632,0.32,0.02036,0.02558,0.06108,0.006706
559,0.81924,0.42378,277,276,0.06491,0.612,0.03735,0.04589,0.11205,0.008217
560,0.78579,0.46768,261,260,0.07966,0.713,0.04879,0.04717,0.14638,0.020172
561,0.66005,0.36768,413,412,0.04085,0.367,0.02454,0.02661,0.07362,0.004678
562,0.63409,0.36482,284,283,0.05268,0.464,0.02969,0.04019,0.08907,0.010999
563,0.67127,0.21063,437,436,0.02809,0.248,0.01645,0.0201,0.04935,0.003515
564,0.76345,0.35135,395,394,0.03608,0.305,0.0185,0.03121,0.05551,0.003154
565,0.7743,0.38735,401,400,0.02591,0.251,0.01046,0.02417,0.03138,0.002908
566,0.74166,0.47213,408,407,0.04951,0.518,0.02236,0.03865,0.06708,0.045625
567,0.67759,0.29875,410,409,0.04686,0.406,0.02258,0.0342,0.06774,0.005904
568,0.71057,0.3058,408,407,0.04741,0.41,0.02338,0.04022,0.07013,0.006855
569,0.67332,0.2803,405,404,0.03335,0.29,0.01569,0.02447,0.04707,0.004874
570,0.75739,0.45121,370,369,0.04152,0.368,0.02222,0.03127,0.06667,0.015637
571,0.76446,0.51348,358,357,0.04261,0.377,0.02303,0.0351,0.0691,0.019976
572,0.75756,0.49384,365,364,0.04896,0.423,0.02611,0.03933,0.07834,0.018263
573,0.64231,0.54401,255,254,0.04047,0.352,0.01894,0.04038,0.05682,0.013316
574,0.66841,0.52768,256,255,0.05867,0.521,0.03028,0.05784,0.09084,0.009266
575,0.6387,0.54005,249,248,0.04278,0.377,0.0214,0.03954,0.06419,0.013749
576,0.63793,0.48275,443,442,0.09577,0.854,0.05654,0.06959,0.16962,0.014356
577,0.69723,0.39374,342,341,0.02494,0.222,0.00987,0.03044,0.0296,0.004144
578,0.64341,0.4926,474,473,0.01602,0.142,0.00749,0.01568,0.02246,0.002248
579,0.69646,0.52551,334,333,0.03029,0.269,0.01307,0.03147,0.03921,0.003423
580,0.71933,0.55591,295,294,0.06063,0.541,0.03199,0.05531,0.09597,0.008305
581,0.70443,0.51653,330,329,0.04302,0.378,0.02125,0.04114,0.06374,0.008079
582,0.74476,0.22292,520,519,0.03927,0.339,0.02026,0.03514,0.06078,0.003978
583,0.72404,0.21847,520,519,0.085,0.749,0.05095,0.05432,0.15286,0.004761
584,0.73729,0.31873,520,519,0.02854,0.249,0.01514,0.02596,0.04541,0.004575
585,0.65746,0.3206,314,313,0.02827,0.246,0.01548,0.02333,0.04644,0.005514
586,0.68441,0.32832,284,283,0.03854,0.342,0.02101,0.02943,0.06302,0.010285
587,0.6371,0.32641,312,311,0.02458,0.214,0.0137,0.01796,0.0411,0.006717
588,0.58102,0.31947,463,462,0.02343,0.205,0.01295,0.01598,0.03885,0.005026
589,0.56819,0.28914,457,456,0.0243,0.205,0.01384,0.01721,0.04152,0.003354
590,0.55398,0.21922,467,466,0.01638,0.142,0.00909,0.01223,0.02727,0.002206
591,0.73097,0.39407,354,353,0.03851,0.342,0.02241,0.02521,0.06723,0.015486
592,0.70178,0.25946,362,361,0.02573,0.224,0.01407,0.01985,0.0422,0.007135
593,0.71832,0.26936,379,378,0.04387,0.371,0.02565,0.03341,0.07696,0.005904
594,0.70234,0.61218,283,282,0.09002,0.795,0.04524,0.08392,0.13573,0.061474
595,0.67172,0.72706,370,366,0.21209,1.935,0.11716,0.09928,0.35147,0.312572
596,0.71487,0.66827,285,284,0.127,1.126,0.06617,0.09621,0.1985,0.216474
597,0.66134,0.52862,279,278,0.05607,0.493,0.02972,0.0468,0.08916,0.017185
598,0.65951,0.5356,267,266,0.10767,0.946,0.05736,0.09073,0.17209,0.019993
599,0.65611,0.51994,272,271,0.03435,0.301,0.0199,0.02574,0.05969,0.015592
600,0.72589,0.55435,267,266,0.08828,0.912,0.04537,0.06935,0.13612,0.021936
601,0.7209,0.47368,387,386,0.08203,0.733,0.04523,0.05984,0.13569,0.025269
602,0.75792,0.46602,317,316,0.04236,0.392,0.02203,0.03051,0.06609,0.018724
603,0.70794,0.6214,448,447,0.10993,1.022,0.05607,0.09491,0.16821,0.067827
604,0.72731,0.59829,428,426,0.07307,0.654,0.03863,0.05543,0.11588,0.082512
605,0.69416,0.70689,466,463,0.15703,1.371,0.07642,0.13334,0.22925,0.118575
606,0.73017,0.70689,82,74,0.18701,1.516,0.1007,0.26624,0.30209,0.737512
607,0.68208,0.69896,165,159,0.12025,1.286,0.06119,0.12181,0.18356,0.500188
608,0.70383,0.8475,164,158,0.12101,1.136,0.07126,0.08106,0.21377,0.566703
609,0.64457,0.41783,392,391,0.06647,0.737,0.02029,0.08308,0.06087,0.014648
610,0.6341,0.36172,396,395,0.04128,0.376,0.01285,0.05673,0.03854,0.00626
611,0.67133,0.39643,386,385,0.04909,0.444,0.01273,0.06623,0.0382,0.00849
612,0.7964,0.51365,171,170,0.06947,0.603,0.03132,0.05123,0.09396,0.078628
613,0.78661,0.609,330,329,0.08487,0.784,0.04144,0.06828,0.12433,0.057222
614,0.82685,0.50533,335,334,0.05895,0.511,0.03309,0.04199,0.09927,0.028073
615,0.72593,0.25021,426,425,0.04403,0.386,0.02573,0.02989,0.07719,0.005869
616,0.71311,0.31231,431,430,0.04834,0.423,0.02664,0.03691,0.07991,0.010557
617,0.69727,0.37036,432,431,0.08087,0.722,0.04503,0.06023,0.13508,0.023275
618,0.64964,0.34552,435,434,0.03345,0.314,0.01463,0.03575,0.0439,0.006476
619,0.67297,0.45019,425,424,0.03484,0.312,0.01318,0.03725,0.03954,0.009707
620,0.6443,0.2366,442,441,0.03189,0.288,0.01455,0.03013,0.04364,0.003295
621,0.7747,0.48003,272,271,0.10381,0.933,0.05817,0.08377,0.17452,0.021075
622,0.7632,0.56908,273,272,0.14085,1.254,0.08089,0.08766,0.24266,0.04667
623,0.79784,0.69362,275,274,0.19697,1.738,0.09592,0.11514,0.28776,0.154864
624,0.67052,0.33303,373,372,0.05107,0.461,0.02765,0.04123,0.08296,0.007173
625,0.65975,0.44521,330,329,0.06822,0.594,0.0355,0.04515,0.10649,0.038841
626,0.71823,0.44413,333,332,0.08208,0.721,0.04692,0.05245,0.14076,0.047488
627,0.72831,0.27332,295,294,0.03218,0.278,0.01753,0.02505,0.0526,0.002767
628,0.73506,0.27514,298,297,0.02175,0.191,0.01081,0.01933,0.03244,0.002303
629,0.74666,0.37313,298,297,0.0728,0.635,0.04812,0.04156,0.14437,0.019112
630,0.74418,0.55317,215,214,0.03561,0.313,0.0175,0.03381,0.05249,0.00736
631,0.70406,0.47776,211,210,0.05181,0.451,0.01867,0.05676,0.05601,0.007136
632,0.65285,0.46147,213,212,0.05843,0.546,0.02399,0.06352,0.07198,0.008028
633,0.75649,0.43172,363,362,0.16679,1.435,0.08511,0.10608,0.25532,0.021615
634,0.75788,0.54973,338,337,0.15001,1.34,0.07404,0.09799,0.22211,0.0879
635,0.79355,0.46418,320,318,0.13583,1.219,0.07765,0.08567,0.23296,0.044726
636,0.63443,0.62237,317,316,0.06033,0.526,0.02721,0.06516,0.08163,0.041087
637,0.63198,0.55476,251,250,0.05061,0.457,0.0237,0.05103,0.07109,0.021888
638,0.6519,0.48686,305,304,0.06973,0.618,0.03961,0.05351,0.11884,0.02502
639,0.70444,0.53229,233,232,0.03286,0.34,0.01686,0.02853,0.05057,0.068414
640,0.58993,0.61179,486,485,0.06683,0.609,0.03314,0.05052,0.09941,0.018338
641,0.63864,0.50182,472,471,0.05262,0.489,0.02909,0.04062,0.08726,0.005248
642,0.71565,0.7645,80,73,0.14995,1.304,0.07029,0.00037,0.21088,0.726743
643,0.72552,0.82679,185,178,0.25101,2.114,0.12801,0.2775,0.38404,0.749908
644,0.69923,0.84808,134,124,0.19636,1.694,0.09525,0.08038,0.28574,0.657229
645,0.76431,0.46302,192,191,0.05609,0.495,0.03144,0.04956,0.09432,0.016191
646,0.77075,0.77434,190,186,0.12593,1.144,0.06218,0.10762,0.18655,0.247856
647,0.73233,0.56057,195,194,0.09387,0.806,0.05316,0.07997,0.15948,0.027768
648,0.66945,0.40831,358,357,0.03381,0.298,0.01814,0.02574,0.05441,0.005715
649,0.65446,0.47962,347,346,0.01884,0.162,0.00844,0.02074,0.02532,0.005494
650,0.67896,0.44705,356,355,0.02909,0.256,0.01408,0.02647,0.04223,0.008927
651,0.74234,0.42171,380,379,0.07192,0.643,0.04078,0.04885,0.12235,0.033716
652,0.69661,0.55698,357,355,0.08842,0.809,0.05019,0.06084,0.15058,0.038432
653,0.77657,0.45461,384,383,0.10761,0.971,0.0603,0.07132,0.1809,0.029346
654,0.80616,0.59646,243,242,0.07385,0.65,0.04442,0.05053,0.13326,0.013711
655,0.73552,0.51068,232,231,0.07158,0.645,0.03682,0.06956,0.11047,0.02826
656,0.81914,0.47616,246,245,0.07245,0.653,0.03909,0.0556,0.11726,0.011747
657,0.73663,0.26268,406,405,0.05166,0.448,0.03234,0.03005,0.09702,0.008867
658,0.7544,0.18984,405,404,0.04898,0.429,0.03125,0.02891,0.09376,0.004207
659,0.74692,0.25431,403,402,0.04946,0.43,0.03181,0.0306,0.09543,0.005389
660,0.71681,0.66809,209,208,0.04286,0.376,0.02123,0.03842,0.06369,0.019052
661,0.72485,0.64386,205,204,0.06625,0.614,0.03261,0.06166,0.09782,0.027094
662,0.71392,0.66504,200,199,0.10273,0.925,0.05518,0.08229,0.16554,0.05814
663,0.61673,0.6677,477,476,0.17934,1.562,0.08534,0.14023,0.25601,0.055087
664,0.62732,0.56231,493,492,0.07252,0.646,0.0355,0.05849,0.10651,0.025644
665,0.62956,0.59795,498,497,0.15674,1.409,0.07499,0.14489,0.22496,0.07902
666,0.67213,0.36905,393,392,0.03584,0.315,0.01899,0.02873,0.05697,0.011237
667,0.68054,0.43903,407,406,0.05716,0.498,0.03088,0.04621,0.09265,0.002963
668,0.70777,0.53727,408,407,0.08765,0.846,0.04838,0.06091,0.14514,0.023771
669,0.69447,0.42782,346,345,0.07543,0.696,0.04191,0.05515,0.12574,0.023549
670,0.73626,0.53443,277,276,0.12836,1.131,0.06881,0.09749,0.20643,0.050369
671,0.69699,0.6146,273,272,0.09479,0.87,0.04621,0.08489,0.13864,0.045626
672,0.58995,0.56477,433,432,0.09203,0.823,0.04839,0.07382,0.14516,0.050244
673,0.57561,0.38561,428,427,0.0411,0.376,0.01572,0.04735,0.04717,0.007526
674,0.60718,0.37996,428,427,0.05384,0.492,0.02709,0.04342,0.08126,0.011929
675,0.755,0.41263,298,297,0.01784,0.155,0.00936,0.01513,0.02808,0.009522
676,0.71406,0.46342,286,285,0.05549,0.488,0.03254,0.03698,0.09762,0.034257
677,0.75416,0.34218,283,282,0.03086,0.267,0.01741,0.02298,0.05223,0.009274
678,0.72396,0.42181,357,356,0.03425,0.315,0.01685,0.03137,0.05056,0.016253
679,0.62437,0.50215,416,415,0.03328,0.301,0.016,0.0293,0.04799,0.012695
680,0.58086,0.31436,437,436,0.02073,0.184,0.00809,0.02229,0.02426,0.001267
681,0.76126,0.56847,192,191,0.09313,0.825,0.04368,0.10222,0.13104,0.025973
682,0.74376,0.67749,196,195,0.09869,0.895,0.04675,0.10128,0.14024,0.060018
683,0.76136,0.63279,192,191,0.0622,0.558,0.02726,0.0714,0.08177,0.045533
684,0.73224,0.58332,276,275,0.04906,0.441,0.02218,0.05084,0.06653,0.018506
685,0.67662,0.51417,252,251,0.04117,0.361,0.01811,0.04635,0.05432,0.011325
686,0.76165,0.44345,285,284,0.04836,0.441,0.02242,0.04722,0.06726,0.012784
687,0.68986,0.48577,358,357,0.05562,0.488,0.02716,0.05548,0.08147,0.015844
688,0.70259,0.5731,356,354,0.0786,0.75,0.03655,0.0853,0.10964,0.025533
689,0.70806,0.49643,353,352,0.06054,0.54,0.02513,0.07138,0.07538,0.016571
690,0.72462,0.26501,452,451,0.05248,0.479,0.02488,0.04822,0.07465,0.008444
691,0.72914,0.28905,450,449,0.05012,0.487,0.02532,0.04745,0.07597,0.004099
692,0.80219,0.38853,415,414,0.06183,0.545,0.03433,0.05083,0.103,0.01065
693,0.82283,0.31766,244,243,0.03511,0.303,0.01972,0.0268,0.05916,0.005265
694,0.81111,0.33148,245,244,0.02145,0.187,0.01211,0.01658,0.03633,0.008835
695,0.81887,0.45697,252,251,0.05706,0.494,0.03332,0.03736,0.09995,0.023126
696,0.716,0.45816,340,338,0.06991,0.624,0.04073,0.04924,0.12219,0.036852
697,0.658,0.3851,440,439,0.06779,0.595,0.03982,0.04573,0.11946,0.020291
698,0.74553,0.44447,369,367,0.07557,0.642,0.04243,0.05673,0.1273,0.032903
699,0.66556,0.26126,394,393,0.04714,0.406,0.0262,0.03342,0.07859,0.005639
700,0.6401,0.27293,395,394,0.02808,0.245,0.01526,0.02118,0.04578,0.003023
701,0.69202,0.26806,385,384,0.05408,0.481,0.02982,0.03665,0.08945,0.010479
702,0.75417,0.67653,312,311,0.07295,0.655,0.03913,0.06175,0.11738,0.068738
703,0.69168,0.65426,311,310,0.05587,0.498,0.02922,0.05396,0.08765,0.025277
704,0.56317,0.43356,388,387,0.02271,0.209,0.01163,0.01904,0.0349,0.005467
705,0.66974,0.38675,414,413,0.03072,0.266,0.01652,0.02393,0.04955,0.008477
706,0.6315,0.38853,400,399,0.02598,0.239,0.01282,0.02139,0.03845,0.00376
707,0.67648,0.40249,420,419,0.076,0.658,0.03914,0.06125,0.11743,0.014037
708,0.78627,0.3883,355,354,0.01663,0.145,0.00864,0.01353,0.02593,0.002614
709,0.78009,0.39191,356,355,0.0362,0.318,0.01568,0.03653,0.04704,0.002691
710,0.79176,0.37514,361,360,0.03245,0.292,0.0168,0.02507,0.05039,0.005523
711,0.61297,0.33464,466,465,0.07429,0.631,0.04629,0.04367,0.13886,0.006165
712,0.65177,0.24071,446,445,0.06692,0.587,0.03468,0.04555,0.10403,0.006143
713,0.73061,0.5195,203,202,0.05707,0.503,0.03353,0.04103,0.10059,0.012259
714,0.66217,0.48118,400,399,0.03096,0.277,0.01363,0.03305,0.04089,0.006416
715,0.67686,0.3491,405,404,0.04585,0.408,0.0233,0.04051,0.0699,0.003397
716,0.69576,0.27656,396,395,0.02971,0.26,0.0152,0.02514,0.0456,0.00717
717,0.76591,0.67471,208,207,0.06793,0.596,0.03595,0.06042,0.10784,0.075242
718,0.69285,0.75084,202,201,0.08337,0.737,0.04152,0.07436,0.12457,0.093391
719,0.72157,0.74223,203,202,0.07064,0.63,0.03497,0.06647,0.10491,0.114702
720,0.64741,0.34923,330,329,0.06975,0.655,0.03232,0.07396,0.09695,0.003928
721,0.74146,0.30378,376,375,0.034,0.297,0.01778,0.02798,0.05335,0.005073
722,0.702,0.35042,341,340,0.0202,0.177,0.01045,0.01632,0.03136,0.003433
723,0.56362,0.39992,442,441,0.04222,0.381,0.02481,0.02882,0.07444,0.01009
724,0.5435,0.29515,544,543,0.02827,0.248,0.01669,0.01818,0.05008,0.008218
725,0.56078,0.55383,487,486,0.0179,0.156,0.01005,0.01254,0.03015,0.008035
726,0.74685,0.59217,199,198,0.05644,0.492,0.03324,0.03878,0.09972,0.03559
727,0.75498,0.51913,313,312,0.02984,0.256,0.01607,0.02283,0.04821,0.015174
728,0.76359,0.61966,218,217,0.05227,0.449,0.03052,0.03674,0.09157,0.028935
729,0.73521,0.25463,339,338,0.02504,0.221,0.01152,0.0226,0.03455,0.002867
730,0.77433,0.36966,340,339,0.02555,0.225,0.0116,0.02316,0.03479,0.002873
731,0.78931,0.41853,333,332,0.04112,0.355,0.02119,0.03343,0.06357,0.005256
732,0.70282,0.70732,376,373,0.1566,1.384,0.07951,0.0839,0.23852,0.435497
733,0.71329,0.42801,351,350,0.08279,0.726,0.03859,0.08681,0.11577,0.018552
734,0.66124,0.44586,381,380,0.13978,1.164,0.0709,0.10488,0.21271,0.025838
735,0.70424,0.5766,244,243,0.08563,0.784,0.04438,0.07495,0.13313,0.023437
736,0.69237,0.46381,237,236,0.0678,0.601,0.03596,0.05782,0.10789,0.027516
737,0.74468,0.54818,236,235,0.13243,1.174,0.07156,0.09701,0.21469,0.056219
738,0.65101,0.33389,304,303,0.03574,0.315,0.01938,0.02917,0.05813,0.007898
739,0.65276,0.40477,300,299,0.02042,0.177,0.0112,0.01663,0.0336,0.012099
740,0.66421,0.37479,291,290,0.02244,0.197,0.01181,0.02045,0.03544,0.007252
741,0.62396,0.61279,328,327,0.04275,0.365,0.01791,0.05178,0.05373,0.032613
742,0.6832,0.59472,323,321,0.10023,0.985,0.05651,0.07688,0.16954,0.044444
743,0.64833,0.55303,327,326,0.02896,0.251,0.0149,0.02674,0.0447,0.018771
744,0.6966,0.35202,375,374,0.08831,0.817,0.04761,0.05933,0.14282,0.024311
745,0.69326,0.58112,348,346,0.12738,1.147,0.06745,0.09098,0.20235,0.079405
746,0.67512,0.42389,347,346,0.09117,0.867,0.04876,0.08072,0.14629,0.046132
747,0.78231,0.4289,343,342,0.09892,0.876,0.05578,0.06753,0.16734,0.00701
748,0.78772,0.36342,340,339,0.02121,0.184,0.01157,0.01689,0.03471,0.005103
749,0.79637,0.32824,336,335,0.03737,0.332,0.0211,0.02553,0.06329,0.00521
750,0.57849,0.36017,375,374,0.01834,0.16,0.00977,0.01463,0.02932,0.0051
751,0.56355,0.28385,417,416,0.01947,0.171,0.01068,0.01547,0.03204,0.002571
752,0.56499,0.59194,415,413,0.04291,0.482,0.02307,0.03272,0.0692,0.025519
753,0.72335,0.46815,381,380,0.02978,0.263,0.01597,0.02271,0.0479,0.00448
754,0.7489,0.49823,340,339,0.03552,0.311,0.01791,0.02648,0.05373,0.011931
755,0.76471,0.46374,340,339,0.03702,0.326,0.0194,0.02765,0.0582,0.003615
