f1,f2,f3,f4,b2
539.3427351,1031.84904,2447.162183,3655.054806,83.14744022
564.3636145,1016.367294,2383.565201,3498.681572,86.48729245
548.4446038,1032.406341,2357.826954,3678.128717,54.68516803
819.529588,1201.813897,3154.035654,4122.163933,191.9849158
846.7961437,1215.346469,3201.513132,4085.456839,210.0613941
832.4372517,1193.223486,3177.289013,3791.213621,222.7103161
710.8618603,1165.801015,3049.357722,4211.727619,69.61485084
668.3065153,1165.769341,2954.648489,3560.280084,91.93044209
670.6393442,1127.450888,2933.208331,3833.298076,94.98267876
707.8155328,1285.508031,2020.531841,3238.976356,103.7640937
677.2253757,1247.116884,1963.76089,3229.710859,95.99994232
751.6864723,1285.817993,2186.277217,3140.663975,37.99678263
493.1873293,1256.570863,2337.449029,3320.689784,229.3486884
487.8220627,1241.232495,1957.070313,3128.810096,84.94838289
532.1190414,1166.500244,1918.916271,3254.848811,1736.380411
600.5084218,1081.275302,2629.11226,3275.210373,34.66307376
590.7963713,1073.178259,2577.293257,3182.968699,96.70283722
562.3489087,1036.794374,2447.622631,3105.507631,42.8323084
674.2928811,1233.233624,2469.663237,3267.527013,69.91409745
634.0314868,1205.012396,2210.092597,3118.176246,130.8809057
683.0342196,1186.320411,2749.204338,3112.315942,168.5974077
468.3875629,1147.07239,2488.578468,3955.303835,334.4465821
592.5682545,1215.341781,2393.936878,3967.050874,193.821722
545.7672356,1194.092048,2306.53349,3737.422798,165.4426182
597.0531046,1352.338716,2221.137857,3274.395688,40.77972862
605.9428457,1329.57348,2283.369711,3330.553058,22.97888206
614.1762786,1355.202945,2306.426697,3307.894025,71.19381873
690.9035785,1121.59864,2678.065282,4110.419537,130.7458636
684.0394336,1200.32956,2627.79362,3806.775119,176.3201286
695.4980887,1132.271131,2720.619253,4130.024659,106.5300262
528.7586345,910.7400221,2501.232011,2861.265277,117.5196354
520.5188847,844.8489011,2046.984629,2801.27944,91.25650895
541.9708101,903.322809,2524.207686,2864.205989,16.42880275
577.9882193,1204.506346,2546.617245,3044.19792,68.55078421
583.5872685,1199.841112,2528.344432,3052.182855,63.02689936
588.7673238,1179.520943,2565.191469,3196.519069,208.0657872
568.5138755,1005.997522,2509.655657,3334.269836,147.201605
652.7802218,1006.474881,2782.225388,3494.774232,106.2572072
885.5253383,1192.104053,2921.195984,3937.69991,331.3619255
530.1320949,1052.028906,2474.680836,4063.801371,72.66747189
600.7087065,1095.70526,2638.993536,4054.936302,127.1117124
596.5917789,1040.527885,2450.943695,4183.919985,196.3639347
413.7350847,1220.773613,1768.000598,2877.676129,358.062317
472.6526236,1263.640756,1728.669472,3153.299262,1527.694129
587.7021388,1261.11688,1624.863897,3001.54821,1681.401495
473.2741614,1061.756507,2226.906713,2671.157449,128.417349
495.4427776,1105.815035,2320.890763,2906.993363,113.7940613
485.3734409,1008.973608,2233.887381,2816.906996,70.10972126
682.1836015,1209.085895,3109.349391,3861.584625,733.7788873
680.701195,1193.497792,3045.269942,3890.494202,221.1025799
822.1848024,1113.372261,3151.662049,3831.46497,661.1169389
820.359585,1481.345894,2622.765856,3880.589285,114.8682598
814.3764502,1440.188919,2397.205316,3656.165511,48.89082584
827.7795655,1473.833183,2797.436813,3914.124875,125.8725458
922.2675985,1296.395864,3049.457558,3978.298911,158.4675161
784.8503875,1242.750233,2991.165338,3848.105843,420.4096463
886.1136842,1223.356541,2842.299654,3866.342568,305.0642869
694.1415423,1143.787452,2718.215991,3712.708034,350.9450518
684.8702565,1189.383319,2659.714846,3732.088786,133.6773144
751.7470438,1179.710597,2659.406375,3738.721192,153.2104722
658.7072609,1258.659351,2070.982691,3405.589571,117.8765337
649.3859769,1240.753695,1899.299255,3227.330776,164.7844829
618.6895318,1249.898825,2134.771557,3481.72886,187.3955297
460.5969265,761.3576607,2417.508533,3249.677457,215.5274282
446.4570299,909.0864269,2535.165294,3560.414675,144.5060316
512.1304031,869.3390014,2572.064132,3295.361696,92.09978045
682.2828695,1466.42916,1635.091423,3397.068513,192.8447192
719.6112068,1485.418989,2028.223458,3273.066062,32.04022433
765.9376467,1488.897755,1829.89139,3142.756166,41.00210193
600.6539016,1050.394364,2783.387318,3405.311546,132.0380736
533.1136919,1034.208091,2713.363462,3192.920372,69.67995255
644.9773335,1110.589491,2874.522377,3389.496992,106.2816438
726.74683,1420.968685,2583.296446,3708.586255,113.9739124
740.4099686,1636.826889,2888.557701,3873.023456,154.8517526
682.9401146,1384.748256,2455.88207,3606.493448,148.0825022
810.4722967,1263.427972,2926.407662,3561.726445,112.2490956
804.3614238,1245.919469,2922.206364,3635.645566,118.3653339
826.78388,1246.041244,3057.810113,3657.141546,221.6861335
669.014133,1174.987238,3309.311631,3982.629101,186.2007326
677.4827905,1163.098258,3136.200123,3455.399045,119.953383
670.6856014,1175.008835,3182.020818,3896.189115,98.07890412
756.5340462,1417.004375,1621.314997,3094.169919,63.16688205
715.5729384,1193.997104,1748.950065,3251.835719,1541.180537
762.9404581,1344.999001,1617.126803,3032.777304,1152.189165
864.9693581,1362.176576,3064.41964,4427.001583,316.7760984
880.352097,1281.766265,3022.85208,4298.145072,192.4439228
846.1305313,1187.563068,2960.12222,4369.27266,173.507511
781.9396561,1243.13933,2906.235247,3803.66371,102.6532213
792.1360944,1247.660025,2966.341652,3809.002863,141.5708112
783.3774451,1261.243526,2944.488364,3628.205293,147.2052711
724.5249656,1674.97345,3033.537295,4482.258531,135.3386697
389.772382,1465.623819,2648.569275,3859.539743,172.9838836
352.3144672,1603.247951,2894.331486,4205.413727,224.7634837
557.1360986,1162.064382,2579.633547,3266.61435,396.9617274
537.5451194,1149.860736,2606.228452,3330.568801,133.2336749
497.0193259,1143.824248,2534.983861,3258.921412,111.4754758
440.9231134,1021.692717,1859.814647,2727.264112,284.5456322
428.3529439,1028.038162,1971.999323,2716.279392,408.4722963
450.3631168,965.5894818,1911.772781,2732.279462,226.0748268
606.791179,1110.548001,2562.230954,3534.083093,82.91355208
639.9024307,1136.788295,2584.979887,3696.342661,67.94552073
601.9135424,1120.17046,2459.394884,3607.996329,88.37881837
765.9630005,1207.837827,2923.024745,3859.300132,442.9429347
782.9541068,1103.993703,2066.829096,3401.256719,278.6491855
810.0884659,1283.531557,2610.010397,3919.830759,251.4875318
677.7132705,1064.48583,1581.767282,3139.013368,1654.692762
683.6139969,1280.974313,1531.90163,3198.426792,513.1551595
760.6155323,1087.30278,1651.032756,3199.75879,2318.934771
771.3105398,1349.925769,2821.839787,3136.142828,76.67266149
796.0334782,1249.279557,2775.268405,3418.844571,91.15496242
774.7045892,1290.951012,2791.176176,3266.653938,246.2979177
769.6772481,1279.806544,3107.527459,3738.070756,117.5349021
764.3061114,1307.102363,3136.535109,3633.666573,73.25743207
769.6772481,1279.806544,3107.527459,3738.070756,117.5349021
638.3440915,1254.533831,2992.040053,3994.006887,135.2424932
687.6965301,1248.107372,3005.432419,3959.683846,389.8093192
674.9540225,1143.224435,2844.643276,3552.387993,695.5578805
505.744415,980.4504829,2557.944765,3486.613907,158.0592691
594.5926223,1081.522977,2743.450864,3776.286845,188.6573506
563.824833,1098.573865,2621.168055,3559.195746,99.95738136
610.8974462,1103.040603,2419.039995,2998.243706,152.424386
618.7391255,1077.129396,2523.816051,3012.446627,58.86712038
613.9315994,1083.816464,2743.231532,3004.87131,109.9397908
961.004821,1516.925593,2536.288343,3632.367995,297.8365715
914.7176391,1541.154437,2272.31575,2953.495696,123.6869221
927.5676558,1563.06072,2767.350459,3851.092198,27.98513617
599.833572,1264.511294,2644.876817,3841.728816,118.6515382
621.2649367,1253.140461,2765.019015,3476.516077,115.8344613
599.7469003,1285.070312,2739.113633,3706.034181,105.0093747
583.9896319,990.3723054,2801.429378,4153.980774,698.5647813
583.8923629,1005.06281,2775.283944,3944.736347,175.6230886
552.4793694,962.4044902,2741.742553,3932.249665,236.6632347
699.6057435,920.058828,2463.013288,3187.585892,943.2482174
640.2324964,1014.593622,2486.623358,3491.28287,599.6468511
658.6129272,963.4565436,2758.915958,3276.838557,524.6947919
773.1425011,1304.09787,2779.033438,3494.664927,69.18873962
767.2825387,1246.432203,2649.154533,3379.721163,98.27038327
751.6601458,1344.033103,2737.137043,3546.49467,87.59756044
528.2442047,1124.088113,2145.31083,3442.303714,348.3976606
372.7483076,1045.018036,2170.563512,3290.605748,429.4684102
464.608523,1081.278312,1980.3079,3217.212723,257.3571425
742.6074205,1408.368729,2500.731296,3582.485991,66.80496326
744.9800929,1418.349263,2414.982708,3686.914656,89.62249447
770.6152586,1380.798748,2623.320146,3538.496344,115.764994
612.6398899,1132.428983,2544.867208,4010.43504,89.67293683
610.8702674,1106.221927,2172.30108,3991.398178,102.8334354
613.9093074,1074.56844,2671.244356,3898.565771,192.710091
1015.524047,1447.765479,1711.248665,3600.363117,129.4397887
938.0876521,1328.104058,2101.200924,3869.624331,133.4926401
951.1169428,1334.034994,3089.893052,3879.270583,134.705228
719.9198682,1263.582453,2397.819825,3212.379988,170.3027264
717.9065572,1239.73209,1986.539625,3090.088827,3570.664115
693.3899062,1212.167465,1858.424305,3073.677852,178.8064578
562.9104484,964.4789104,2761.368809,3531.002438,317.4666389
572.2663054,1040.75521,2764.978593,3780.534412,205.2921639
548.5385101,962.5303512,2549.400094,3155.586925,361.61237
703.2001553,1123.360568,2692.827619,3713.757269,70.6976003
694.079645,1117.803678,2633.706039,3724.636292,70.15306768
710.4580831,1061.304034,2657.069447,3746.772588,95.26244677
648.2885111,1296.1834,2811.632302,3706.667731,138.4044013
666.9088025,1343.892786,2701.157483,3614.750478,364.3097764
661.8781675,1400.111445,2748.417759,3654.77276,438.58019
396.4442811,949.4606864,2505.015481,4368.083788,211.0499523
400.7483294,921.7983585,2563.727656,4027.928128,150.9368751
405.3263633,937.1556683,2552.934206,4131.771573,83.75391263
367.3127364,1200.528673,1770.289827,2716.299324,94.122897
446.7450418,1246.391096,2212.983322,3130.831238,113.8647028
519.1905938,1009.108124,1867.833236,2927.918971,1370.437319
846.9642821,1438.418217,2782.461889,3979.178684,95.77295873
897.4854409,1400.021718,2751.450017,3809.728684,104.2424019
862.1115127,1409.252443,2594.26075,3640.123834,999.455829
749.1763063,1415.864914,2903.236759,3879.287848,62.40117263
803.3511187,1374.657923,2743.873965,3803.48965,89.83796201
629.1094262,1342.18451,2709.128724,3784.751603,105.5366405
550.804984,1311.642013,2438.298925,4207.319385,124.5278106
585.0984791,1230.924476,2496.583775,4206.631608,250.0046912
573.2316275,1229.302077,2562.986864,4199.209973,167.7903269
753.7747551,1373.175554,2198.450505,3072.120917,156.4370894
776.1165668,1299.934789,2657.662099,3625.213899,106.4897763
748.2797816,1327.596955,2097.505351,3282.515725,184.993764
796.4471837,1157.925152,3007.606544,3775.366918,265.6990211
746.7950612,1259.482933,3128.65149,3750.3629,49.53709301
753.257259,1205.769229,3053.235419,3675.480858,104.2025973
654.4909636,1224.755264,2288.668495,3293.844611,457.639687
656.161958,1097.341727,2580.162909,3350.804898,80.76253021
567.9739512,1123.089523,2253.160369,3329.545926,195.8814081
760.897517,1335.848683,2695.641107,4278.922986,109.0995234
746.4562636,1206.79348,2543.48219,4245.189192,79.37239947
757.3978193,1210.803595,2398.574699,4227.057683,89.00357248
415.3285015,1018.958993,2607.340063,3379.189171,223.7803857
425.2068116,1015.849211,2599.901717,3224.824665,306.3909083
434.3101264,1031.824784,2599.037291,3210.245898,136.1079603
460.7501836,1170.398728,2277.675512,3001.616701,378.2412361
477.7315363,1105.652417,1837.791881,2970.581755,2335.992025
495.2692547,1233.434487,2514.488288,3330.783993,429.524747
604.3243443,1078.069927,2696.052664,3695.343901,20.87438014
623.267864,1085.15784,2670.508833,3525.863226,85.75958197
611.0965494,1093.84391,2637.900027,3629.9795,64.29423683
432.178191,1227.705837,1930.765164,3381.262216,97.96156371
365.9016356,1189.126742,2012.235882,3489.111496,632.5037487
334.027601,1105.726053,1704.189412,3570.608887,440.4044583
727.8930706,1218.787799,1580.984631,3354.236404,208.8633237
736.9448556,1324.758905,2903.87492,3572.671863,127.8796673
743.6579115,1295.649258,2003.945606,3500.061649,170.9342988
810.7699037,1250.150431,3104.856147,4117.125743,114.0988396
445.9890051,1255.864818,3080.594511,3560.168968,108.119419
730.2941632,1193.232887,3039.284111,4035.81733,59.79029817
776.7394012,1271.100062,2471.998985,3573.714384,109.9804762
805.801396,1267.181299,2511.69337,3848.899814,179.392185
844.525934,1303.18232,2881.134884,4048.083854,178.4056805
460.3117729,921.3496365,1569.76547,3407.489184,74.2943055
571.767902,1015.416213,1952.060732,3816.797061,118.4303299
449.6920352,956.2522288,1570.385122,3176.291612,177.2231507
623.8966773,1153.707236,2920.802023,3988.741085,21.06224474
691.5169098,1126.964618,3003.089871,4036.39092,271.7391847
639.8095888,1123.530675,2981.735692,4029.997965,238.8178636
237.1495328,963.314682,2663.628319,3821.62022,127.1555989
312.5700802,1164.505726,2781.788462,3873.071336,80.47881436
404.8892999,1316.577994,2900.649788,3943.394014,62.33278655
625.4923347,1090.270638,2470.258011,3844.347619,115.3853763
646.9334001,1090.833793,2540.482637,3607.076595,163.2753106
608.4589177,1092.009816,2400.657731,3744.528784,101.1223762
595.277912,1244.71591,2754.681269,3917.352001,168.4793055
519.1655968,1137.672953,2702.669973,3970.121939,185.6235368
559.8127287,1160.150921,2776.157932,3933.294267,131.5780956
827.0817141,1523.661503,3006.871472,4070.918724,77.43307479
829.9621725,1544.302764,3035.71738,4097.03797,143.6451123
810.4144898,1501.417732,3039.735053,4106.534404,541.4699426
792.6297337,1058.127094,2015.760782,3628.889279,96.66309514
758.7655598,997.4782204,1748.23426,3629.456034,140.9503181
701.364447,1072.064243,2156.592368,3551.660401,197.1241729
616.3828957,1539.563079,2937.428337,3757.118839,70.79484832
499.1938479,1421.425857,2816.411687,3661.612865,63.61640718
555.4936818,1433.588292,3004.584642,3677.29378,1997.036183
576.5598177,973.3046432,2325.629164,3230.140832,265.2496942
580.7524488,985.8422462,2370.618345,3204.998161,372.4756413
577.911635,1010.326852,2393.21846,3282.069835,291.5978773
627.7425081,1146.641275,2748.142262,3197.097313,50.15728123
598.6195899,1157.528062,2700.74493,3162.115769,81.64541181
636.9468648,1189.871805,2733.924966,3191.383485,44.87466905
771.9866753,1178.284597,3147.93721,3798.285406,204.4718027
745.9673831,1211.515689,3111.909019,3791.854115,306.0676841
742.6520932,1247.171377,3126.320906,3794.30415,219.7410558
713.0337483,1086.847218,2486.072215,3316.461032,175.6478395
702.5766575,1107.36872,2312.078409,3136.503708,177.0078519
678.857956,1243.806131,2505.476701,3252.124327,188.398672
720.5592873,1374.011227,2717.269568,3237.002172,1132.43311
738.2108327,1377.864124,2800.312271,3177.437522,152.9101824
593.3368084,1290.384612,2345.658619,3083.922917,132.2705344
699.1650235,1167.375099,2833.196226,3826.657549,182.0542555
641.9006892,1144.477497,2579.498741,3801.965813,114.3873862
640.0696653,1100.926243,2477.861392,3784.166838,114.3037754
761.2274411,1175.842816,3051.750868,3833.598898,103.8879504
742.2559058,1159.173335,3029.445413,3914.835409,167.7969613
635.7212448,1136.939043,3033.377787,3760.528014,142.4873492
397.9279509,1265.56994,2649.380462,3516.541373,200.1369325
469.7275767,1242.684117,2814.829898,3646.15292,66.23597875
432.4262393,1215.086524,2744.600807,3556.838932,167.177413
717.7397932,1250.505765,2498.541973,3317.431117,261.7117312
665.9824991,1268.882042,2549.78116,3203.351969,1058.531959
667.454427,1082.834081,2527.929346,3332.430804,560.9937726
538.0790741,1097.878478,2642.361212,3274.366018,136.5407233
544.2214844,1093.774537,2704.411547,3337.105462,164.7414416
550.0616761,1106.769442,2631.923927,3309.166568,99.27694139
402.1333304,1150.999557,2379.46243,3633.072577,121.5077744
469.9298223,1112.181654,2414.716543,3669.718333,352.0468467
405.1107148,1121.557602,2392.289756,3591.141062,143.2199336
820.7131398,1307.697191,3275.667088,3900.942678,131.597587
778.6004146,1311.463898,3338.51402,3861.432731,98.0000885
838.3228934,1348.992482,3300.665636,3812.188842,51.25140431
697.9167808,1189.984872,3153.527444,3858.514165,42.1028963
693.2913827,1189.756738,2673.258248,3611.093302,45.47402542
723.730707,1148.430883,2398.468021,3476.453957,89.41253522
514.7061217,1301.574217,2404.944863,3826.080753,506.5640085
544.563686,1042.955842,2361.256276,4052.242033,1335.118558
554.9864879,989.6781953,2443.816205,3503.279379,197.0820282
623.0832797,1043.386595,2896.563942,3752.245104,176.1828362
670.2926856,1152.786564,3012.699228,3813.251274,130.8592039
672.875797,1151.004478,2847.731945,3701.7288,113.5814538
733.8238379,1194.012061,2285.003732,3773.580553,350.1544743
746.3605834,1239.579975,2372.845633,3619.743947,164.2504873
695.5822064,1284.100424,2429.363757,3991.602933,315.6743859
544.3128996,1335.300519,2639.43764,3395.602723,430.8887532
576.5994251,1280.352662,2599.044657,3286.930829,572.7900339
611.5330381,1310.759794,2748.215406,3673.11533,135.9948777
851.2612942,1420.838728,3066.358061,4021.199909,86.71636062
834.9859921,1426.496234,2739.612141,3950.558141,88.16949108
789.8391174,1405.220649,3110.779624,4044.9844,154.6742918
622.5458063,1225.085145,2271.733296,2958.267328,105.5002922
643.5259303,1215.377738,2305.408107,3162.564888,170.5282618
626.9783057,1145.478558,2242.109896,3110.943444,48.64760687
555.233513,1318.166246,2513.749561,3362.241748,4262.17007
542.4601878,1318.020322,3056.770131,3776.829895,69.47648881
547.7993701,1320.667295,3013.163263,3831.451816,84.19003174
554.0515074,1202.620173,2786.56707,3347.467452,155.401114
594.1155191,1197.392505,2493.651306,3357.743227,418.1077767
566.1508356,1216.995325,2866.397348,3393.716243,152.8190744
647.7383076,1070.219564,2541.663432,3379.915369,509.3266223
655.5025843,1136.378409,2508.680567,3613.678681,245.1070359
625.1154195,1171.547979,2504.700681,3489.597448,77.40853499
645.1656024,1167.49898,2951.077898,3640.581117,399.6658055
615.6051123,1153.098043,2795.279544,3429.701474,206.8206649
638.2340772,1153.20654,2938.758851,3455.658358,113.4950011
331.5625226,1205.02172,2182.314891,3371.26639,225.2581911
280.0630023,1261.995064,2188.250788,3344.467389,61.97269833
320.8907188,1212.780622,2211.671775,3398.58365,159.7174488
594.3828815,1532.50442,2812.445927,3852.815355,97.66293546
467.2826725,1380.807988,2740.835788,3549.38959,118.0116961
418.7293692,1139.76225,2578.512483,3748.908902,74.43720207
848.9349075,1363.830492,2142.752979,3532.341891,379.9718403
726.8779531,1476.755333,2244.764692,3325.662768,372.9286932
907.9854626,1261.191379,2133.120076,3678.804325,314.6461121
663.9281636,1138.547763,2122.041987,3294.623747,96.13351067
651.571989,1182.162006,2600.191738,3289.114889,241.5934113
526.4833249,1203.28285,2435.815092,3613.753243,76.84865737
673.4743609,1421.728684,2853.548241,3934.362162,75.6118405
713.5175337,1366.179461,2875.492056,3728.813964,116.5203122
647.1439653,1378.526597,3063.977619,3577.435329,285.3709174
515.476287,1089.487205,2523.169776,3140.020884,1589.492237
601.5348392,1133.495877,2691.252579,3381.790611,526.3901958
583.2563355,1187.778159,2556.691005,3565.456484,632.0852333
601.5882003,1216.648404,2447.670872,3565.352011,835.5193441
541.7804846,1083.9612,2539.485359,3558.872133,600.7795012
538.0236462,1102.324314,2521.637265,3641.109431,286.5997997
636.5019597,1480.159022,2828.262874,4059.142899,122.8924041
571.9407645,1544.384103,2662.644968,3856.080115,85.38694085
547.4234803,1552.956346,2946.47216,4128.594116,150.9212179
850.4757319,1372.676254,2669.694718,3568.357547,662.5549355
818.2024479,1496.273083,2730.731165,3596.695326,697.6417846
682.0682608,1277.373568,2455.278565,3589.366375,894.656988
506.5357993,1024.207723,2675.857629,3417.767815,340.9764665
555.8040668,1012.476764,2613.357139,3549.636476,262.8305341
476.572697,1017.72594,2604.168908,3896.455822,114.1081165
645.75921,1180.72673,2622.79808,3920.759183,73.39238509
621.3373497,1101.678214,2836.526905,3252.102513,142.947257
623.014629,1169.238141,2901.153954,4013.551105,99.3852697
614.7685488,993.6082397,1917.339566,3587.172258,136.4157964
622.0996555,984.6045914,1750.331614,3418.09202,408.7888466
609.6194672,1028.834973,1764.541756,3460.525386,1453.583732
555.5110496,1350.766621,2459.487603,3529.791037,326.1064827
635.5068047,1273.903318,2598.440113,3699.851517,90.75407354
630.280827,1364.286314,2831.880186,3814.634048,168.9249284
692.1469586,1226.211204,2672.383032,2920.620877,214.3783284
714.3119137,1279.477751,2363.978561,3052.632319,298.9070878
698.412192,1209.97117,2133.96155,3045.381572,527.2223746
645.184082,1067.523782,2734.115493,3055.361978,80.50088138
586.7256756,997.0818447,2702.536465,3761.440922,162.8148039
644.6633484,1070.165564,2679.521299,3537.590088,122.9164954
307.8219319,1267.798071,2679.153438,3743.986949,195.3698496
464.1288741,1143.044219,3232.666891,3812.032661,146.2860245
600.743882,1157.220738,3475.648017,3971.315693,343.9720169
714.1591754,1307.62573,2722.995169,3639.002735,1800.097011
715.940379,1373.580483,3009.124852,3747.281415,86.08901754
671.4400945,1391.274989,2927.256648,3582.219899,145.2790447
685.2042024,1239.503473,2529.414385,3688.027446,337.8031783
823.9664933,1332.207943,3048.05316,4195.712107,1110.633789
817.791563,1350.645191,3016.231764,4175.677551,330.5443745
914.6410052,1529.015105,2885.126451,3790.328455,145.0780084
893.6742585,1500.543247,2606.571472,3460.080868,185.9499598
846.4195145,1543.542155,2789.983334,3841.96126,272.721314
720.2542576,1254.432007,1595.338436,3159.371268,627.6304616
710.0434067,1191.655647,2300.588804,3343.038669,173.9371257
709.709766,1036.150006,1723.052646,3270.86872,1795.722467
642.0752688,1207.787717,3018.06634,3984.037768,71.99453875
639.5954234,1137.810622,3202.610177,3698.096453,236.3032339
625.0462428,1165.11914,3101.281558,3891.978875,118.2860549
582.2993342,1276.035006,2834.306462,4097.531773,238.8907302
708.7415144,1315.219219,2777.309997,3907.525395,579.6049694
679.9823581,1316.976295,3002.221929,3891.83822,121.0356019
723.6147751,1641.71887,2780.225264,3483.389512,361.3363236
614.4027867,1285.156322,2452.83551,3507.242233,335.2792185
855.637492,1420.976247,2747.441795,3489.440555,261.7558042
569.6222274,1366.802844,2646.825226,3890.98586,593.566219
591.8197066,1139.244694,2180.550365,3286.338637,124.7016049
506.5516965,1235.990111,2484.709421,4352.976755,102.8639483
683.2477607,1542.826007,2404.033197,3169.161986,289.7322093
630.07445,1395.912461,2139.624306,2958.681748,481.9816548
664.453537,1320.807503,2089.082263,3234.086578,475.0345704
631.4354893,1230.375512,2392.762926,3290.403151,68.34359779
572.1372771,1166.228775,2421.783952,3280.169677,80.70829395
598.0354936,1177.041676,2404.166059,3369.552141,185.4065479
600.0431796,1062.592774,2761.676412,3540.870946,80.03096401
595.7864993,1155.34221,2499.672523,3535.469292,108.0343517
598.9591475,1196.659526,2534.748492,3368.538761,158.1400679
685.8809588,1108.819265,2541.707028,3266.887094,75.42834053
643.2804056,1138.010866,2591.221216,3384.726867,110.9383493
625.3028776,1140.606651,2495.476397,3365.349639,69.11977271
324.2055694,1315.078406,2680.237252,3220.724506,207.9343785
476.7976587,1303.974968,2733.230856,3407.58565,43.04822905
477.1573484,1298.334655,2724.570273,3490.945645,200.6029764
541.2116687,1057.807556,2537.2246,3511.321416,425.5031904
468.845115,850.4568353,2495.794116,3601.645564,374.2191049
486.793617,847.1685405,2583.487336,3514.965674,367.8649311
832.2561407,1499.938034,2690.654659,3086.103504,143.9395705
833.5041572,1439.733926,2044.948175,3110.863305,94.16421265
854.6930022,1501.042741,2885.2344,3802.338929,28.85997408
938.1663918,1543.933095,2695.851611,4071.363862,274.760707
962.5338894,1391.650135,2710.190159,3187.594766,275.0563081
888.6825924,1491.876155,2536.373775,3540.534288,244.9337616
740.7193539,1520.21452,3239.012786,3691.090965,208.8887389
553.7148506,1170.898834,1939.720422,3658.164963,109.2331371
682.1906095,1264.688098,2879.144758,3653.335031,307.0572281
557.1992552,944.7796439,2738.620968,3227.856471,245.9503571
531.094755,939.7501787,2753.833025,3252.453218,219.3337702
565.9401384,1000.547036,2775.268649,3357.439115,502.5170502
815.7579004,1276.800387,2684.139476,4089.097389,233.8695097
888.9304437,1279.730454,2673.422874,3945.637711,122.2711245
885.5997723,1168.946286,2635.554589,4312.833937,323.4464438
771.6196251,1440.10496,2746.618451,4021.155811,275.312796
857.1277739,1513.234852,2918.912618,3993.111574,609.5303723
821.7928639,1503.879197,3100.825292,4186.162226,243.8003516
736.9832861,1361.085117,3146.231188,3824.556525,245.6889379
722.8041993,1318.329883,3071.828082,3826.65621,667.0219422
737.1284495,1318.896561,2848.559667,3567.482977,91.32033447
607.5562278,970.7907348,2574.639504,3433.480438,173.9494921
622.0954304,974.3419212,2595.154725,3518.972579,253.7430791
628.3002979,1030.53847,2661.90892,3602.357843,375.4850761
438.2959182,958.8832385,2740.554919,3147.137331,171.6387442
398.1311835,969.5134327,2665.108545,3080.1755,81.95883775
389.7378738,933.8729212,2698.464504,3305.486716,137.3462764
939.5674928,1325.851504,3109.764554,3866.586768,197.4719231
757.7253706,1244.608778,3097.143524,3599.077467,65.80746853
761.6872459,1281.571761,3185.03475,3684.922699,90.22090664
526.8821489,1164.720995,2597.972172,3428.826821,68.38605618
501.9487276,1158.661091,2556.359715,3512.363824,368.1345318
504.1815757,1129.639962,2476.732486,3503.107173,665.3909548
700.7217617,1446.439948,2714.844339,3786.243806,201.7480266
603.9245079,1293.120157,2493.285829,3215.444687,321.2491396
622.1251046,1389.621053,2539.908078,3359.904092,720.1339919
562.7192749,1159.384902,2653.640619,3134.223093,483.9895033
562.7851301,1176.094344,2650.500735,2969.94433,402.2918772
560.331283,1186.142806,2425.381771,2883.445904,285.3199671
456.2956144,1347.11945,1961.861591,3251.403592,423.3582796
564.0124944,1163.909512,2176.066457,3417.262902,353.3364818
575.507036,1186.177582,1690.743525,3142.583486,428.8346794
649.1678123,1055.755694,2940.478162,3772.066786,217.1423849
667.3672965,1013.14224,2912.793921,3755.787615,202.8248862
559.7492896,1031.57373,2990.600127,3827.185301,90.62758198
635.209689,1052.09833,2601.221621,3247.886133,166.3160449
612.5049873,1011.98954,2656.424353,3173.115706,46.75033699
677.3098061,1115.354544,2678.899963,3346.128192,301.1537726
826.6240422,1136.504049,2000.352976,3561.848842,99.4562618
991.8437119,1589.272495,2402.825048,3380.437093,206.3007077
797.4515112,1264.230829,2794.326732,3834.526007,215.7655302
642.5563113,1576.102645,2945.446455,3615.788482,96.30329148
622.0503819,1632.875003,2994.806636,3611.633204,140.6137007
639.0554101,1592.055133,2951.604872,3659.091083,124.1109147
822.7061966,1394.9731,1701.528117,3174.53505,393.1081762
835.6659528,1425.907087,1700.213031,3140.486869,399.1050392
833.4896911,1398.932576,1521.834586,3091.660394,283.229895
535.0303393,1286.70691,2801.17209,3727.929362,88.31130588
577.7173547,1301.762631,2992.511756,3881.874619,88.65738718
549.0039385,1299.554782,2871.1124,3977.216463,92.39180414
676.7278524,1079.653096,2692.289636,4100.445154,65.79145965
658.9360221,1115.853726,2972.138028,4055.127234,67.17577213
726.6560111,1141.024936,2773.292373,3463.981993,70.67069904
541.3299027,1160.91002,2879.709103,3467.30563,158.4674907
515.3317886,1168.487093,2980.308479,3411.840607,650.4429504
457.9346587,874.5359548,2692.508798,3216.260953,402.8027879
531.7305476,1155.654519,2722.622329,3306.456497,82.9598194
601.8586787,1174.845462,2772.971495,3115.751175,121.1334483
598.7226464,1105.357125,2764.969712,3162.237909,194.8243708
428.7247231,1191.503693,2733.57449,3366.618769,112.8038375
459.5825211,1158.069079,2824.810887,3651.34892,124.5920257
451.8838964,1512.712977,2891.491897,3713.121239,113.3166481
442.7659555,1151.793998,2289.474811,3665.295524,286.1524552
576.7575773,1355.978917,2286.001503,3550.75716,212.7893734
819.4327654,1720.338168,2680.123664,3915.707553,2667.962914
569.7560783,1073.695623,2474.400684,3614.481175,240.6453733
613.7146902,978.5618858,2546.963846,3465.282223,536.8120265
611.6955463,1295.739093,2466.9171,3488.932937,873.5669063
602.4543118,1173.621781,2717.441712,3305.112222,99.22836815
606.4901336,1241.907321,2676.479114,3336.313278,144.7188149
606.8809315,1201.251579,2676.11571,3341.513352,122.6725851
627.8714528,1222.600049,2426.331013,3418.231418,75.36027425
623.5679806,1251.661819,2535.129857,3524.027694,26.52622617
669.9983064,1227.990274,2941.173991,3465.428975,235.0901138
449.8535432,1188.374358,2288.087269,2984.255717,153.0754286
569.582895,1165.058529,2529.702072,3174.701407,167.5073939
673.4970421,1156.213537,2597.824061,3335.911548,1372.454369
687.1917618,1181.513699,2149.04139,3551.378327,50.59617985
677.0705467,1195.186346,2158.285281,3534.435788,44.43846304
702.2016846,1203.4924,2137.742233,3637.648852,67.484753
550.9156082,1158.825426,2860.058357,3743.905943,213.7502753
586.7634183,1215.118598,2820.754689,3738.294757,90.52830626
601.3013668,1103.04559,2841.36474,3548.587029,149.5501903
592.0017546,1485.506138,2876.85805,3370.993708,364.1120466
669.2385366,1412.45978,3043.279904,3440.69604,108.4886232
768.0645367,1504.161721,3010.172098,3464.718506,100.7819072
585.6709278,1164.342799,2791.803237,3685.638455,147.8872196
614.1276651,1062.182799,2799.492836,4284.736576,304.7441215
617.2932494,1159.006641,2777.073322,4277.109433,189.4445008
539.2345999,1145.702996,2547.753275,3528.597176,119.0751242
532.2590315,1150.122047,2510.231911,3522.449299,65.49740253
523.6096047,1149.508245,2521.422539,3559.390175,82.60354888
604.4441627,1026.247448,2918.059518,3411.566818,63.52115029
614.7909857,1021.917235,2849.751594,3276.59548,115.7465386
616.5169854,997.8868457,2795.742118,3345.210904,108.674814
769.6330935,1444.251303,2768.066451,3710.936325,298.519533
637.7919741,1243.091493,2213.725553,3374.340075,442.9618857
623.7764581,1343.396584,2482.392535,3425.895113,341.9468887
549.6162414,1119.824908,2544.021459,3621.314909,430.1397456
579.2189571,1140.020289,2470.086349,3682.977528,120.5684092
581.8928492,1152.564052,2547.773013,3725.377169,139.8347979
917.2988673,1480.53688,2905.700277,3949.530235,362.6022276
1008.892132,1445.430318,2997.956359,3949.066394,310.773003
897.6708949,1442.186305,2860.117178,3891.621347,247.2365119
498.5296251,1096.279429,2900.955963,4123.505959,409.4050919
523.0866853,1025.912815,2518.059328,3516.529145,76.99095609
507.145204,972.3992569,2560.383281,3578.776617,136.2914395
708.1963694,1448.285765,2748.248461,3493.562808,157.9989357
674.0696458,1365.644211,3129.126542,3845.866374,130.3041007
722.8326096,1403.530472,2992.280335,3574.586026,120.1506032
545.9961991,1178.581021,1833.818475,2795.375888,160.5528185
511.504512,1218.310515,1723.183547,2584.229234,162.194636
497.7352963,1253.067834,1861.387338,2755.824861,148.4662614
905.588869,1325.680154,3247.657768,4101.164966,356.1892883
895.7836597,1363.916772,3128.321668,3983.324508,261.3113166
850.4932034,1399.825897,1776.939416,3185.99894,135.320275
849.455738,1267.287178,2508.044763,3613.367601,111.6311124
784.1643207,1268.180152,2450.499919,3493.900563,175.371867
816.4237358,1270.179963,2583.852708,3492.917273,139.3122434
514.317583,1331.167547,2686.662368,3721.064173,52.29452573
502.5944829,1316.842025,2623.511171,3696.775905,143.6586708
501.3080318,1245.256055,2330.265809,3474.330532,115.207511
777.7579251,1311.487132,1778.393125,2886.930826,87.88884567
733.9880855,1349.273683,2675.360894,3582.215362,54.2533454
937.1028088,1426.875907,2549.028769,3468.021623,118.9000213
761.2527926,1398.378031,2286.895943,2990.3159,340.4726709
776.751129,1310.779405,1675.901931,2968.119742,3036.716626
749.2692159,1267.317574,1807.165877,3171.770714,2051.175021
633.9655749,1036.846314,2781.087636,3414.688382,127.7852268
625.2269028,1004.297593,2832.196233,3372.730616,82.78579726
618.7332625,1034.437553,2715.469869,3382.105821,98.52062278
870.0669194,1320.356963,1671.141728,2629.70162,683.0080999
788.4231117,1044.216869,1715.768431,2659.16044,780.6697462
836.6008919,1281.423349,1733.805568,2471.996546,1071.450731
919.8478284,1305.987805,3156.52698,3582.919401,391.5776163
762.0534308,1138.451753,2986.462808,3458.552011,332.7699312
755.9685248,1175.902412,2924.648092,3535.024956,269.0493396
732.2269079,1763.927171,2286.771757,3255.71035,161.3076031
711.1232689,1612.553463,2294.410732,3064.22738,170.1163368
883.6118593,1599.5146,2500.4733,3003.151653,1970.041288
566.2565544,1296.298431,2632.765434,3680.724007,393.7606894
533.2502349,1477.633411,2954.597188,3837.209177,129.0165465
657.9278952,1505.395022,2876.467035,3871.656332,537.4380997
640.9183482,1273.116931,2465.245002,3690.312676,884.5769932
592.0212662,1286.253438,2343.201672,3057.691343,601.7370246
625.6369736,1305.483401,2235.635166,3339.00426,627.8658296
337.5269714,1028.383173,2446.028789,3696.403007,61.84077436
316.9812933,876.9644574,2142.821492,3636.949647,1033.406084
377.3361072,1051.470401,2317.602237,3279.597798,489.3226261
444.5545199,1240.593047,2773.585268,3949.502312,185.0049143
543.723343,1190.242813,2624.633519,3959.83411,297.9349646
417.3164378,1343.241084,3013.555482,4073.49615,142.7557539
648.5900751,1096.611034,2223.648,3134.352125,83.03086053
615.2088744,1021.21406,2328.793851,3246.705365,189.2948936
598.2207816,1105.095996,2238.365076,3281.340914,125.0961124
366.8480026,1027.031486,2722.020883,3693.075854,238.0169387
366.3260955,1121.963018,2698.659159,3750.821423,105.1847112
413.2588831,1023.192547,2593.05854,3514.577535,474.7530616
800.9762915,1393.990245,2073.380882,3249.534798,3515.136283
808.7170662,1376.60076,2864.07411,3570.752091,117.7047955
723.0426099,1370.507356,2493.236968,3614.050962,150.0615843
683.493541,1333.191323,2560.790887,2861.325833,198.1204415
688.7997667,1379.53062,2544.959978,2750.911602,216.4993736
715.837998,1470.902039,2475.09584,2794.764751,300.9363401
794.2702644,1438.940087,2451.285524,3587.348184,53.08944125
698.060859,1442.000225,2461.515774,3179.692744,3343.456414
755.8107598,1458.349881,1843.690465,3091.216836,78.25742945
585.2042739,1103.599434,1904.019864,3369.475443,134.2532825
577.866117,1103.188444,1972.309693,3403.019408,257.2717093
609.752314,1089.540488,2038.358582,3437.346115,669.1195895
652.8544626,1089.484204,2787.534473,3446.840618,65.02720275
627.6029227,1083.53822,2813.265154,3330.621912,101.1512622
655.5981564,1079.907722,2709.386959,3226.370904,97.25224333
755.9693533,1486.843148,3058.585726,4022.961434,121.0279918
690.0373361,1475.095039,2931.698372,4079.031351,2023.539179
733.2194983,1516.632184,2363.520846,3550.629961,107.174897
666.9187716,1057.86944,1411.231297,3189.223654,169.6612134
665.6288827,1045.848404,1989.120665,3361.730498,91.53252688
667.2113064,1153.934797,1603.506321,3134.405712,97.88453298
745.0161408,1589.64397,2872.59212,3972.639051,299.6194565
712.6337224,1616.755318,2875.328642,4035.070742,305.6305573
648.8811548,1401.090802,2558.873734,3914.151679,153.453316
632.780443,1192.124616,2611.051257,3871.623604,132.5349102
619.4843349,1192.017426,2630.616824,4254.239642,124.5900397
652.5411551,1216.165098,2589.352991,3627.566416,117.9317993
791.7574578,1230.828585,2704.98584,3036.625278,134.5379276
847.7873263,1252.125086,2908.625476,3446.460614,245.8614198
862.6263907,1258.045246,3018.276717,3828.727445,144.5860979
606.675248,1220.99151,2633.039631,3592.659318,265.6428129
701.4432786,1231.600002,2692.096933,3799.628323,191.4552265
637.8048266,1263.577191,2727.136337,3727.477211,118.5243338
531.8942132,1922.747225,2669.993946,3653.876317,423.9571426
566.720335,1773.733231,2579.766519,3750.493621,886.5296778
508.2444661,1644.508063,2738.751846,3645.730501,563.0591552
580.3618583,1160.289433,2756.24979,3347.979552,18.0283163
593.3612836,1143.789501,2708.830389,3489.811812,106.0078999
587.1288086,1197.04135,2735.913126,3531.60885,64.60077436
575.6707049,1155.783999,1490.730095,3125.6081,362.4627503
595.2687979,1120.339957,1544.398752,3195.249784,1077.027835
512.7598144,1195.709756,1677.078609,3106.892968,195.4423394
981.1761467,1440.906456,3296.30998,4037.003426,85.58426475
870.8105226,1476.020748,2432.941715,3685.758874,421.8138058
909.5254029,1504.854777,2602.386536,3866.763816,182.74457
688.4162382,1565.387194,2222.435169,3426.206499,109.7263104
715.7127141,1551.337247,2520.823889,3431.26367,92.72989263
709.3230762,1607.413696,2511.357928,3388.16137,1179.534169
648.6932995,1252.787426,2421.165205,3758.071272,26.07459433
624.9069885,1245.381683,2375.94602,3468.401917,28.79101619
625.3190625,1227.479065,2672.508467,3794.542797,202.246622
593.8221343,1414.143813,2873.363379,3944.567922,100.3440342
648.0784042,1487.127264,3031.41929,3742.97127,59.09668651
664.6768496,1434.98835,3128.05386,3810.020846,151.7709611
784.1308194,1434.425202,2842.69414,4060.100518,308.3007849
582.8554736,1100.673517,2241.856136,3492.559622,123.9569187
693.9266075,1085.413141,2296.288755,3490.265334,113.5651333
650.330634,1008.613664,1810.060813,3247.300516,932.5074472
704.6213155,1328.376363,2346.89579,3329.837751,99.89994393
662.7494897,1066.781569,1826.854091,3248.799531,66.34097037
409.5519167,1119.422056,2820.464113,3965.243756,23.73294309
434.2986763,1127.385462,2839.890943,4055.883363,65.06246087
379.2790066,1137.063337,2755.775272,3666.357315,117.3820653
648.4393116,1204.576555,2758.269321,3515.793983,365.9805596
669.1044526,1215.431901,2872.213251,3608.844336,230.1829583
649.4774541,1184.438055,2948.070051,3536.580998,257.4010436
486.4083395,1063.929058,2409.419012,3188.950129,120.3543987
481.3722301,1077.189072,2494.894083,3230.561137,263.2549121
470.2686641,1078.952998,2302.419815,3205.898807,95.7458173
542.2945394,1168.444921,2834.379117,3719.238445,113.408004
541.0013385,1103.946708,2914.904205,3488.845403,228.0488922
552.8967666,1164.542404,2769.091424,3432.356553,147.8386149
696.0595334,1341.44475,3166.420706,3859.130787,52.0691522
718.6094637,1360.999297,3141.109523,3778.930771,147.567377
663.7446889,1375.717609,3082.471236,3991.836721,355.1312921
834.1115461,1417.793915,2460.54306,3541.530135,114.2822915
789.6183169,1367.94475,2010.081718,3362.617587,206.9266762
777.0932393,1363.437541,3034.540582,4001.062137,79.98409725
687.2681403,1033.50452,1525.290453,3068.463536,600.8065728
727.3802943,1243.084702,1849.521886,3024.204879,64.1311253
642.922641,1199.07592,1703.857754,3142.411905,187.7899937
508.6844077,1141.862178,2688.737855,3381.313192,118.7234281
516.5462532,1135.970654,2716.281871,3428.143218,111.281653
528.066889,1130.970134,2670.498962,3431.545111,141.2118286
409.3201788,1098.750404,2380.747328,3631.828369,295.6766011
388.7500592,1232.448668,2369.324151,3624.322567,85.78049645
411.5721691,1223.992038,2456.56039,3586.286918,36.15974231
837.1810996,1356.539974,2377.49743,3467.732217,301.1560587
858.2191161,1339.418206,2000.259631,3350.495052,2350.192961
821.8847912,1241.161719,2047.319328,3327.085987,255.0774988
672.0878953,1133.217166,2197.224786,3477.967791,1091.324717
788.7625207,1271.810842,2768.528233,3780.992873,183.3431963
822.3964503,1371.835727,3186.106737,3634.855205,110.6196283
377.5297474,1115.754471,2891.883621,3286.936831,60.1893378
467.492345,1150.120502,2871.048827,3253.747257,317.8550306
342.494591,1100.147645,2662.571756,3211.661783,126.7379061
665.328525,1301.515229,3006.259655,3245.545579,102.733373
667.1245105,1218.950704,2381.963201,3322.756534,122.1396792
461.1076826,908.8807828,1710.278134,3358.764487,194.5398624
609.4726393,990.674456,2748.277761,3648.440769,163.1242569
669.9561108,1058.911639,2890.956084,4256.667617,62.06757371
600.3713528,1026.939703,2787.860144,3912.330877,116.0165716
589.4620012,1014.893011,2438.204148,3121.837747,98.29537088
661.4964822,1161.488396,2267.526069,3226.501848,449.344923
594.7596411,1100.217338,2351.231657,3255.939775,191.8147918
616.9932742,1232.73042,1771.480309,3104.498847,256.6930438
651.7771958,1140.071769,2548.688834,3493.586238,88.44842228
616.0456526,1208.685196,2016.895868,3316.023917,106.2423432
577.7094039,1179.054995,3176.786673,3884.72115,158.319121
580.0590875,1167.696964,3041.236955,3686.363616,474.72306
579.4376595,1155.349956,3050.208434,3799.535542,71.62374729
729.339584,1294.685067,1851.747148,3243.565416,51.25248297
737.4566785,1319.532617,2885.079753,3448.277675,38.72062223
737.1446773,1341.052347,2321.781866,3220.474399,131.0555176
812.4238367,1512.221175,3421.9502,4245.950582,224.2244418
756.2189099,1439.289798,3345.524203,4222.408081,157.9289038
800.2869055,1497.685301,3347.42169,4188.836574,121.3804464
765.7438371,1328.407547,3145.298801,3578.219366,137.9401655
754.2058811,1146.548354,2183.598582,3499.971963,3000.642166
750.4006413,1238.635552,1733.993921,3414.085345,165.253218
562.1932186,1266.724671,2688.942693,3777.610918,172.9476734
545.6945955,1212.77533,2634.59507,3984.318326,646.313157
582.5369505,1266.743243,2641.885953,3909.219532,310.3910794
525.4971967,1055.507253,2487.898826,3353.55156,182.7130615
547.862145,1028.345706,2468.799639,3503.048069,152.1709513
461.3468861,1006.121345,2548.279442,3392.00637,263.2007333
636.0172321,1137.260339,1537.531846,2629.084661,1764.610509
608.0661781,1192.273121,1666.114557,2731.138169,277.4787612
599.8823369,1143.327207,1492.035868,2697.811928,625.9585155
620.241325,1017.155202,1905.523668,3149.423666,190.1161406
663.0678429,1554.801536,2586.236038,3916.203974,160.2649224
545.6500571,1481.807221,2459.977345,3955.364593,122.0183416
353.9880121,1051.242995,2858.56848,3870.751498,72.06694461
382.2264642,1082.608123,2864.365112,3989.326403,75.28600616
353.5989431,1056.875625,2830.983381,3291.993009,142.0530527
982.1143188,1880.143737,2674.021614,3866.079007,398.6748032
931.0679938,1880.11758,2716.660109,3352.158791,259.2277842
1008.580424,1742.563337,2794.752031,3691.925668,89.09656923
789.0278531,1423.874607,1983.397121,3170.127375,213.6881301
745.1073118,1455.789409,1581.552508,2858.090485,2193.149887
821.5098451,1441.473453,2678.59245,4043.694546,308.232378
659.7848819,1249.406868,2263.378069,4001.436609,300.7926913
766.4871469,1366.718927,2438.184576,3438.151685,630.5553343
807.5779115,1386.004191,2351.444983,3762.79229,71.29713625
732.0792393,1296.046035,3021.785802,3968.144738,227.4950912
819.2401052,1372.533015,2813.618023,3955.3144,174.5910077
721.257189,1321.880667,2990.420491,3943.411815,169.7455061
634.0001127,1314.729071,2442.682697,3869.981192,402.031266
641.4446473,1387.234348,2508.667739,4063.006887,366.5496889
721.872058,1440.519085,2515.062789,4143.190667,185.1800986
736.9729492,1391.829226,2515.626104,3235.123126,139.1303039
723.1591944,1359.44247,2642.608938,3368.627608,91.74652767
692.4000075,1300.65305,2903.606533,3947.303491,208.6266642
694.7059522,1149.814452,1467.224215,3360.406306,810.0980454
671.3610291,1183.646131,1415.682314,3389.163644,961.6782621
636.2825426,1008.26878,1464.069806,3456.335379,791.1284161
656.3279009,1316.89003,2588.038189,3519.583152,221.4597296
759.2419067,1351.532167,2692.367371,3459.540534,164.5846531
730.0045977,1322.704232,2605.754555,3272.594854,215.2189279
652.8492575,1368.783149,2865.634956,3823.883292,193.9139968
741.2865804,1488.990648,2917.669728,3688.775902,633.0667304
635.5195642,1170.181655,2421.913748,3287.233316,544.4219158
836.0758052,1336.29986,2286.638283,3134.727146,138.6860626
844.1075179,1390.301464,2772.438329,3037.298109,78.77956882
768.1882487,1265.563847,2310.314623,3206.515325,47.28593467
595.1482296,1070.273648,2546.066836,3194.226274,75.478037
555.5605088,1086.246204,2900.798917,3475.072597,81.75918158
553.5374528,1105.05227,2744.607367,3600.689685,209.320623
510.7525491,1124.288036,3013.874447,3691.082985,142.9543926
516.9391156,1174.717755,2932.224894,3757.359728,329.9372483
439.0217654,1089.153237,2533.727576,3791.8828,129.2866176
801.2952769,1487.576963,2401.211083,3419.692766,467.86757
729.546735,1596.649403,2301.391931,3196.173253,254.566359
886.360255,1557.43345,2546.73888,3666.017097,227.0261795
597.5517395,1098.349087,2543.577917,3352.602993,223.7664
621.8892463,1019.401717,2574.775093,3147.634449,359.043124
583.3890304,1229.18262,2520.111988,3346.069872,167.7598271
619.46373,1325.686914,2107.581385,3121.297401,233.7538165
625.839227,1272.538859,2191.100166,3103.431616,223.365263
606.219275,1236.609463,2192.605825,3113.853361,129.8708454
712.6634732,1406.785006,1952.396988,3256.644684,204.81007
672.3617869,1365.005545,2570.710068,3340.587781,193.106043
730.5516893,1372.410964,2512.739921,3494.489911,101.737713
661.2387073,1359.316614,2708.122645,3937.303279,534.7370224
632.8480367,1324.672442,2498.230332,3466.154656,325.7817575
670.8862738,1289.471423,2447.201468,3652.080884,233.5203368
468.4872417,1161.418263,2447.630677,4320.303335,136.5563494
441.4647816,1167.847709,2301.529051,3821.76318,245.77306
420.7450825,1173.69816,2344.347709,3924.367238,155.413035
931.7410118,1466.757628,3150.607771,4187.396638,127.4681947
881.9157684,1395.398812,2862.850072,3285.426385,80.28301265
907.7875905,1406.737344,2958.43379,3819.231665,38.91908179
687.0463832,1382.653498,2189.489101,3344.351359,2566.530343
771.9483342,1657.021811,2914.862553,3789.033261,107.1016631
706.5669995,1612.140356,2892.932567,4012.558775,118.1488217
