,f1,f2,f3,f4,b1,b2,b3,b4
0,539.3427351,1031.84904,2447.162183,3655.054806,101.0922179,83.14744022,255.21482999999998,396.64363110000005
1,564.3636144999999,1016.3672939999999,2383.5652010000003,3498.681572,58.46542779999999,86.48729245,248.3571266,218.22972239999999
2,548.4446038,1032.406341,2357.826954,3678.128717,160.387771,54.68516803,151.694847,84.24033898
3,819.529588,1201.813897,3154.035654,4122.163933,238.66705180000002,191.9849158,573.7529088,526.1475988
4,846.7961437000001,1215.3464689999998,3201.513132,4085.456839,402.21673760000004,210.0613941,203.6371062,384.6116973
5,832.4372517,1193.2234859999999,3177.289013,3791.213621,238.83474980000003,222.71031609999997,190.20357380000002,663.1907916
6,710.8618602999999,1165.801015,3049.3577219999997,4211.727618999999,102.0752033,69.61485084,153.3668386,430.0298921
7,668.3065153,1165.769341,2954.648489,3560.2800840000004,128.23525890000002,91.93044209,238.2445333,959.2822624
8,670.6393442000001,1127.450888,2933.208331,3833.2980759999996,137.8009396,94.98267876,114.8114615,160.0900344
9,707.8155328,1285.508031,2020.531841,3238.9763559999997,175.8568872,103.7640937,2695.853491,250.9851429
10,677.2253757,1247.116884,1963.7608899999998,3229.710859,121.2291719,95.99994232,2192.556229,187.6487545
11,751.6864722999999,1285.817993,2186.2772170000003,3140.663975,22.38365392,37.99678263,2668.363532,535.054346
12,493.18732930000004,1256.5708630000001,2337.449029,3320.689784,760.2835322999999,229.34868840000001,198.73004219999999,464.0802796
13,487.82206270000006,1241.232495,1957.070313,3128.810096,437.5517676,84.94838289,1751.781042,794.232348
14,532.1190414,1166.5002439999998,1918.916271,3254.848811,759.2550351,1736.3804109999999,195.79929669999999,423.57126610000006
15,600.5084218,1081.275302,2629.1122600000003,3275.210373,43.27616339,34.66307376,102.9195255,185.7944207
16,590.7963712999999,1073.178259,2577.293257,3182.968699,22.52701008,96.70283722,120.5603534,321.01843610000003
17,562.3489087,1036.794374,2447.6226309999997,3105.507631,26.71836139,42.832308399999995,108.12784740000002,92.16043092
18,674.2928811,1233.233624,2469.663237,3267.527013,93.28907817,69.91409745,208.089548,111.94151070000001
19,634.0314867999999,1205.012396,2210.092597,3118.176246,166.6503975,130.8809057,74.10185125,66.93169018
20,683.0342196,1186.320411,2749.204338,3112.315942,76.39466096,168.5974077,136.0303033,3747.001066
21,468.3875629,1147.07239,2488.578468,3955.303835,362.0061501,334.44658210000006,440.18204199999997,554.072188
22,592.5682545,1215.341781,2393.936878,3967.050874,175.98691100000002,193.821722,903.1063383999999,875.6495434000001
23,545.7672356,1194.092048,2306.53349,3737.4227979999996,168.5098301,165.44261819999997,447.69379680000003,225.34981749999997
24,597.0531046,1352.338716,2221.137857,3274.395688,53.92856367,40.77972862,319.7003851,674.5090129
25,605.9428457,1329.57348,2283.369711,3330.553058,31.7104191,22.97888206,161.8798368,1028.5915439999999
26,614.1762786,1355.202945,2306.426697,3307.894025,46.36224879,71.19381873,246.0503668,622.4837271
27,690.9035785,1121.59864,2678.065282,4110.419537,58.42381321,130.7458636,106.11721029999998,920.0921848999999
28,684.0394336,1200.32956,2627.79362,3806.775119,47.31715065,176.32012859999998,69.15749053,1104.128878
29,695.4980887,1132.271131,2720.6192530000003,4130.024659000001,44.13307601,106.53002620000001,182.7259133,1106.233786
30,528.7586345,910.7400221,2501.232011,2861.265277,97.10928372,117.5196354,161.9152823,348.93985539999994
31,520.5188847000001,844.8489011,2046.9846289999998,2801.27944,109.8184581,91.25650895,1792.8122600000002,46.84986653
32,541.9708101,903.322809,2524.2076859999997,2864.205989,51.21887315,16.42880275,870.8069754,123.9351855
33,577.9882193,1204.5063460000001,2546.617245,3044.19792,65.62733594,68.55078421,119.48022820000001,277.2480512
34,583.5872684999999,1199.8411119999998,2528.344432,3052.182855,43.32304304,63.02689936,84.94090657,178.4937734
35,588.7673238,1179.520943,2565.1914690000003,3196.519069,85.40294661,208.0657872,125.5464483,436.43916500000006
36,568.5138755,1005.9975220000001,2509.6556570000002,3334.269836,1380.768268,147.201605,1121.158541,963.0397844
37,652.7802217999999,1006.4748810000001,2782.225388,3494.774232,556.6806197999999,106.2572072,370.5902085,935.7240389000001
38,885.5253382999999,1192.104053,2921.195984,3937.6999100000003,322.6777103,331.3619255,140.1020706,482.07877
39,530.1320949,1052.028906,2474.680836,4063.801371,226.05068300000002,72.66747189,36.51205718,230.37500040000003
40,600.7087065000001,1095.70526,2638.993536,4054.9363020000005,336.68822339999997,127.1117124,164.32031750000002,154.9325139
41,596.5917789,1040.527885,2450.943695,4183.919985,137.55196730000003,196.3639347,64.532084,237.7716344
42,413.7350847,1220.773613,1768.000598,2877.676129,307.2093998,358.062317,486.60810449999997,88.41850882
43,472.6526236,1263.640756,1728.6694719999998,3153.299262,876.7766123,1527.694129,317.7600108,144.2347684
44,587.7021388,1261.11688,1624.8638970000002,3001.54821,393.89440279999997,1681.4014949999998,308.8184119,110.78793030000001
45,473.2741614,1061.756507,2226.906713,2671.157449,25.5748517,128.417349,88.86429936,2090.6939620000003
46,495.44277760000006,1105.8150349999999,2320.890763,2906.993363,33.39808446,113.7940613,407.50141410000003,135.27968090000002
47,485.3734409,1008.973608,2233.887381,2816.906996,52.75602548,70.10972126,1482.2211539999998,322.62537510000004
48,682.1836015,1209.085895,3109.349391,3861.584625,61.84277141,733.7788873,176.9253955,176.2825165
49,680.701195,1193.497792,3045.2699420000004,3890.4942020000003,116.7496264,221.10257990000002,206.5912163,75.90978804
50,822.1848024,1113.372261,3151.662049,3831.4649700000004,186.5558576,661.1169388999999,166.2241663,200.6562217
51,820.3595849999999,1481.345894,2622.765856,3880.589285,77.07712798,114.8682598,511.56112889999997,326.99165750000003
52,814.3764502,1440.188919,2397.205316,3656.165511,51.44091151,48.89082584,337.0369477,354.4293505
53,827.7795655,1473.833183,2797.436813,3914.124875,91.31154343,125.87254579999998,1218.924019,1111.7061820000001
54,922.2675985,1296.395864,3049.4575579999996,3978.298911,173.9917749,158.46751609999998,126.7550006,233.0732404
55,784.8503875,1242.750233,2991.165338,3848.105843,423.5956808,420.4096463,162.4442315,414.01348839999997
56,886.1136842,1223.356541,2842.299654,3866.342568,111.32223729999998,305.0642869,187.3444477,384.90387769999995
57,694.1415423,1143.787452,2718.215991,3712.708034,73.69752123,350.9450518,436.02417649999995,71.97073741
58,684.8702565000001,1189.383319,2659.7148460000003,3732.088786,176.90699469999998,133.6773144,118.8408483,140.7475565
59,751.7470437999999,1179.710597,2659.406375,3738.721192,89.12018563,153.21047219999997,171.6527868,1113.323149
60,658.7072609,1258.659351,2070.982691,3405.589571,81.55074598,117.87653370000001,653.9587577000001,310.0802789
61,649.3859769,1240.7536949999999,1899.2992550000001,3227.3307760000002,86.96569046,164.7844829,1815.487439,642.3276688999999
62,618.6895317999999,1249.898825,2134.771557,3481.72886,111.2758865,187.39552969999997,2161.910241,124.07050759999998
63,460.59692649999994,761.3576607000001,2417.5085329999997,3249.6774570000002,523.8440688000001,215.52742819999997,295.1109383,1079.0049179999999
64,446.45702989999995,909.0864269,2535.1652940000004,3560.414675,284.1249125,144.5060316,407.24559910000005,553.8348478999999
65,512.1304031000001,869.3390014,2572.064132,3295.361696,82.20997595,92.09978045,380.6489955,406.5459322
66,682.2828695000001,1466.42916,1635.091423,3397.068513,60.38516215,192.8447192,997.4754718,345.1345103
67,719.6112068,1485.418989,2028.2234579999997,3273.0660620000003,70.18635931,32.04022433,2564.938173,306.50967080000004
68,765.9376467000001,1488.897755,1829.8913899999998,3142.756166,48.22225305,41.00210193,2202.2461670000002,240.41850409999998
69,600.6539015999999,1050.394364,2783.387318,3405.311546,405.6390227,132.0380736,1304.955544,471.36403269999994
70,533.1136918999999,1034.208091,2713.3634620000003,3192.920372,221.24085350000001,69.67995255,947.9108677000002,201.19453959999998
71,644.9773335,1110.589491,2874.522377,3389.4969920000003,194.7351506,106.28164380000001,697.170824,355.9262676
72,726.7468299999999,1420.968685,2583.2964460000003,3708.5862549999997,182.7500139,113.9739124,185.555996,135.86949719999998
73,740.4099686000001,1636.8268890000002,2888.557701,3873.0234560000004,146.0421243,154.8517526,233.92046119999998,121.2074368
74,682.9401146,1384.748256,2455.88207,3606.4934479999997,4744.875736,148.0825022,106.6850358,209.22193959999998
75,810.4722967,1263.427972,2926.407662,3561.7264450000002,181.2168686,112.2490956,82.46878487,206.8841767
76,804.3614238,1245.919469,2922.206364,3635.6455659999997,303.1464799,118.36533390000001,299.20993389999995,201.4767249
77,826.78388,1246.041244,3057.810113,3657.1415460000003,189.9867262,221.68613349999998,128.6890543,202.632543
78,669.014133,1174.9872380000002,3309.311631,3982.629101,130.0483213,186.20073259999998,365.19101939999996,514.5112303999999
79,677.4827905000001,1163.098258,3136.200123,3455.399045,126.3797514,119.953383,162.4757951,1384.427055
80,670.6856014,1175.0088349999999,3182.020818,3896.1891149999997,138.7941242,98.07890412,109.7275615,4697.3621060000005
81,756.5340462,1417.004375,1621.3149970000002,3094.169919,114.40209879999999,63.16688205,1508.15903,1149.6927210000001
82,715.5729384,1193.9971039999998,1748.9500649999998,3251.835719,291.80573460000005,1541.180537,384.265523,1062.915898
83,762.9404581,1344.999001,1617.1268029999999,3032.7773039999997,91.07743995,1152.189165,223.6548579,133.3535001
84,864.9693581,1362.176576,3064.41964,4427.001583,111.6524634,316.77609839999997,171.7165684,285.9894153
85,880.3520970000001,1281.766265,3022.85208,4298.145072,51.72245663,192.44392280000002,174.0856179,184.4050234
86,846.1305312999999,1187.563068,2960.1222199999997,4369.2726600000005,75.12980046,173.50751100000002,389.281358,186.014431
87,781.9396561000001,1243.13933,2906.235247,3803.6637100000003,199.6279873,102.6532213,266.421263,203.2443386
88,792.1360944,1247.660025,2966.341652,3809.002863,194.5224237,141.5708112,230.8654421,232.1709489
89,783.3774451,1261.243526,2944.4883640000003,3628.205293,126.7010358,147.20527109999998,301.08885380000004,5776.764400999999
90,724.5249656000001,1674.97345,3033.537295,4482.258531,359.3670835,135.3386697,252.7079975,245.67981609999998
91,389.772382,1465.623819,2648.569275,3859.539743,26.84981243,172.98388359999998,240.0001091,988.7515622000001
92,352.31446719999997,1603.247951,2894.331486,4205.413727,52.02740235,224.7634837,418.54799269999995,931.4382932
93,557.1360986000001,1162.064382,2579.633547,3266.61435,920.9870883,396.9617274,693.4911582999999,96.39414452
94,537.5451194,1149.8607359999999,2606.228452,3330.5688010000003,187.98251919999998,133.2336749,161.1264257,49.20209152
95,497.01932589999996,1143.8242480000001,2534.983861,3258.921412,377.4090427,111.4754758,113.6737041,94.68463434
96,440.9231134,1021.692717,1859.814647,2727.2641120000003,142.7005513,284.54563219999994,378.829732,236.97918790000003
97,428.35294389999996,1028.0381619999998,1971.999323,2716.2793920000004,387.6500284,408.4722963,755.5452511,285.9801349
98,450.36311680000006,965.5894818,1911.772781,2732.279462,119.91069209999999,226.0748268,321.9597771,1245.1477929999999
99,606.791179,1110.5480009999999,2562.230954,3534.083093,63.43105793,82.91355208,996.7795558,170.9431704
100,639.9024307,1136.7882949999998,2584.979887,3696.342661,58.43437477,67.94552073,233.69892760000002,183.7463595
101,601.9135424,1120.17046,2459.394884,3607.996329,54.72030761,88.37881837,354.2444677,120.2606664
102,765.9630005,1207.837827,2923.0247449999997,3859.300132,362.0807062,442.9429347,671.1615975,466.21556569999996
103,782.9541068,1103.9937029999999,2066.829096,3401.256719,213.4318519,278.6491855,4104.134771,350.09972139999996
104,810.0884659,1283.531557,2610.010397,3919.8307590000004,175.8289842,251.4875318,531.2943409,164.90932019999997
105,677.7132705,1064.48583,1581.767282,3139.013368,122.382167,1654.692762,549.8535897999999,218.8536034
106,683.6139969,1280.9743130000002,1531.90163,3198.426792,143.9686929,513.1551595,1579.6710779999999,106.1947342
107,760.6155323,1087.30278,1651.032756,3199.75879,152.87736930000003,2318.934771,166.7984967,61.21697216
108,771.3105397999999,1349.925769,2821.839787,3136.142828,59.58654871,76.67266149,650.1476769,576.0232886
109,796.0334782000001,1249.279557,2775.2684050000003,3418.844571,60.65686252,91.15496242,94.42960352,330.2658293
110,774.7045892000001,1290.951012,2791.176176,3266.653938,47.28081599,246.29791769999997,320.4778721,2533.43028
111,769.6772481,1279.806544,3107.527459,3738.070756,76.49154720000001,117.5349021,192.2014234,299.1940012
112,764.3061114,1307.102363,3136.535109,3633.6665729999995,34.81290079,73.25743207,327.2192139,1139.571025
113,769.6772481,1279.806544,3107.527459,3738.070756,76.49154720000001,117.5349021,192.2014234,299.1940012
114,638.3440915,1254.533831,2992.040053,3994.0068869999996,83.73362885,135.24249319999998,101.4880731,1168.410069
115,687.6965301,1248.1073720000002,3005.432419,3959.683846,58.37207746,389.8093192,79.52534378,554.4890035
116,674.9540225,1143.2244349999999,2844.6432760000002,3552.387993,121.4311048,695.5578805,2463.208568,225.0348377
117,505.74441500000006,980.4504829,2557.9447649999997,3486.613907,145.40331740000002,158.0592691,419.72984060000005,579.6347827999999
118,594.5926222999999,1081.5229769999999,2743.450864,3776.286845,188.4171657,188.6573506,177.7410068,518.1465821
119,563.824833,1098.573865,2621.168055,3559.195746,230.43109730000003,99.95738136,117.1445203,252.36374590000003
120,610.8974462,1103.040603,2419.039995,2998.2437059999997,113.65562299999999,152.424386,1008.309633,429.20812249999994
121,618.7391255,1077.129396,2523.8160510000002,3012.446627,89.93148622,58.86712038,1476.0781220000001,221.32768650000003
122,613.9315994,1083.816464,2743.2315320000002,3004.87131,192.0877832,109.93979080000001,1046.582735,159.4360084
123,961.0048210000001,1516.925593,2536.288343,3632.3679950000005,228.9020837,297.8365715,1265.274892,336.2783818
124,914.7176391,1541.154437,2272.31575,2953.495696,112.0062746,123.68692209999999,1010.9384880000001,683.2507667
125,927.5676558,1563.06072,2767.350459,3851.092198,73.00488437,27.98513617,55.03087789,160.00550330000002
126,599.833572,1264.511294,2644.8768170000003,3841.728816,41.75360171,118.6515382,115.13417720000001,430.71270319999996
127,621.2649367,1253.140461,2765.019015,3476.516077,35.88686306,115.83446129999999,815.6534328,675.3574928999999
128,599.7469003,1285.0703119999998,2739.113633,3706.0341810000004,49.49027821,105.0093747,196.4786483,354.834783
129,583.9896319000001,990.3723054,2801.4293780000003,4153.980774000001,233.6235974,698.5647812999999,150.3448186,280.62242200000003
130,583.8923629,1005.06281,2775.2839440000002,3944.736347,143.370851,175.6230886,293.8634237,115.2333952
131,552.4793694,962.4044902,2741.742553,3932.249665,163.5316075,236.6632347,43.05733503,79.68626367
132,699.6057434999999,920.058828,2463.013288,3187.585892,91.14502446,943.2482174,126.161594,149.4539925
133,640.2324964,1014.5936220000001,2486.623358,3491.2828700000005,92.54093125,599.6468511,188.86862019999998,1178.13835
134,658.6129272000001,963.4565436,2758.915958,3276.838557,150.9093479,524.6947918999999,270.4891454,832.3049647
135,773.1425011,1304.0978699999998,2779.033438,3494.6649270000003,121.38778319999999,69.18873962,588.7485243,2117.057833
136,767.2825387,1246.4322029999998,2649.154533,3379.721163,146.7581601,98.27038327,570.9330559,261.2646752
137,751.6601458,1344.033103,2737.137043,3546.4946700000005,128.9649565,87.59756044,668.7359561000001,1392.604372
138,528.2442047000001,1124.088113,2145.31083,3442.303714,156.8814166,348.3976606,258.3472485,406.277151
139,372.74830760000003,1045.018036,2170.563512,3290.605748,162.8845034,429.4684102,958.9148812000001,428.331097
140,464.60852300000005,1081.278312,1980.3079,3217.212723,145.2549908,257.3571425,444.1761102,411.4106123
141,742.6074205,1408.3687289999998,2500.731296,3582.4859909999996,73.06582356,66.80496326,159.8585893,107.2818923
142,744.9800928999999,1418.349263,2414.982708,3686.9146560000004,91.06855923,89.62249447,294.49433639999995,683.1447996
143,770.6152586000001,1380.798748,2623.320146,3538.4963439999997,128.5507332,115.764994,410.2666278,1389.568202
144,612.6398899000001,1132.428983,2544.8672079999997,4010.43504,17.37917159,89.67293683,1956.9815429999999,153.6690054
145,610.8702674,1106.221927,2172.30108,3991.398178,66.91102444,102.8334354,977.8043658,152.007994
146,613.9093074,1074.56844,2671.2443559999997,3898.565771,15.06660747,192.710091,288.0823121,108.1912703
147,1015.5240470000001,1447.765479,1711.2486649999998,3600.3631170000003,155.2525521,129.4397887,2706.152945,791.5432662000001
148,938.0876521,1328.104058,2101.2009239999998,3869.6243310000004,227.06540980000003,133.4926401,985.1690706,159.2721761
149,951.1169428,1334.0349939999999,3089.893052,3879.270583,255.6808972,134.705228,1513.977605,226.4370377
150,719.9198682,1263.582453,2397.819825,3212.3799879999997,55.36210816,170.30272639999998,309.5985198,145.511475
151,717.9065572000001,1239.73209,1986.539625,3090.088827,41.53804297,3570.664115,110.18812290000001,116.4923903
152,693.3899062,1212.167465,1858.424305,3073.677852,108.57574059999999,178.80645780000003,4481.268819,325.36239910000006
153,562.9104484000001,964.4789104,2761.368809,3531.0024380000004,95.53429768,317.4666389,387.00754539999997,240.02518250000003
154,572.2663054,1040.75521,2764.978593,3780.5344119999995,65.85566247,205.2921639,170.393374,46.85313024
155,548.5385100999999,962.5303512,2549.400094,3155.586925,64.65581833,361.61237,291.8310245,4780.661025
156,703.2001552999999,1123.360568,2692.827619,3713.7572689999997,40.42383231,70.6976003,122.3010697,510.6836556
157,694.079645,1117.803678,2633.706039,3724.636292,55.79587171,70.15306768,67.33174719,1633.727717
158,710.4580831000001,1061.304034,2657.069447,3746.7725880000003,64.59354579,95.26244677,245.1265568,149.5377483
159,648.2885111,1296.1834,2811.632302,3706.6677310000005,271.7545209,138.40440130000002,205.8512666,135.9906871
160,666.9088025000001,1343.892786,2701.157483,3614.750478,113.50594620000001,364.3097764,284.37791539999995,351.53319530000005
161,661.8781675,1400.111445,2748.417759,3654.7727600000003,142.0408189,438.58019,861.5456518,299.9593602
162,396.4442811,949.4606864,2505.015481,4368.083788,136.95601330000002,211.0499523,102.4228797,427.4663871
163,400.7483294,921.7983585000001,2563.727656,4027.928128,103.3214215,150.93687509999998,159.4435984,1270.5448880000001
164,405.32636329999997,937.1556683,2552.934206,4131.771573,76.40340011,83.75391263,55.29396316,1729.982623
165,367.31273639999995,1200.528673,1770.289827,2716.2993239999996,240.60408900000002,94.122897,1414.710139,249.8874796
166,446.7450418000001,1246.391096,2212.983322,3130.8312379999998,187.4785542,113.86470279999999,184.29900800000001,45.58689263
167,519.1905938,1009.108124,1867.833236,2927.918971,118.68868880000001,1370.437319,343.4382701,99.98075565
168,846.9642821,1438.418217,2782.461889,3979.1786840000004,101.00283859999999,95.77295873,269.6427332,41.92227524
169,897.4854409,1400.021718,2751.450017,3809.728684,102.50641800000001,104.2424019,171.1668175,292.1714709
170,862.1115127,1409.2524429999999,2594.26075,3640.1238340000004,131.25620279999998,999.4558289999999,610.516842,293.04033819999995
171,749.1763063,1415.864914,2903.236759,3879.2878479999995,397.7475418,62.40117263,841.6580616,186.5224256
172,803.3511187,1374.657923,2743.8739649999998,3803.48965,344.7537014,89.83796201,793.4246264999999,300.1183457
173,629.1094262,1342.18451,2709.1287239999997,3784.751603,154.9539582,105.5366405,317.23940960000004,56.1615264
174,550.804984,1311.6420130000001,2438.298925,4207.319385,221.7889753,124.5278106,73.47149583,236.2611196
175,585.0984791000001,1230.924476,2496.583775,4206.631608,168.4790873,250.0046912,57.85918289,125.81746409999998
176,573.2316275000001,1229.302077,2562.986864,4199.209973,151.7939794,167.7903269,66.0701625,140.3097993
177,753.7747551,1373.175554,2198.4505050000002,3072.120917,147.7027831,156.43708940000002,1277.8806339999999,373.0671736
178,776.1165668,1299.9347890000001,2657.6620989999997,3625.2138990000003,154.92275419999999,106.4897763,1294.753463,307.66796960000005
179,748.2797816000001,1327.596955,2097.5053510000002,3282.515725,242.00829559999997,184.993764,1625.705747,488.24945139999994
180,796.4471837,1157.925152,3007.606544,3775.366918,249.5692278,265.69902110000004,322.0447665,108.1938017
181,746.7950612000001,1259.482933,3128.6514899999997,3750.3629,98.29375615,49.53709301,101.4391428,146.4407404
182,753.257259,1205.769229,3053.235419,3675.480858,145.51145280000003,104.2025973,72.66064099,121.2375006
183,654.4909636,1224.7552640000001,2288.668495,3293.844611,184.93087590000002,457.63968700000004,266.96486519999996,199.6241424
184,656.161958,1097.341727,2580.162909,3350.804898,74.26713051,80.76253021,88.17891951,141.2646957
185,567.9739512,1123.089523,2253.160369,3329.5459260000002,163.45613459999998,195.8814081,477.95832060000004,200.6740665
186,760.897517,1335.848683,2695.641107,4278.922986,177.7327158,109.09952340000002,458.26112639999997,358.30656089999997
187,746.4562635999999,1206.79348,2543.4821899999997,4245.189192,79.74652719,79.37239947,1334.926061,194.4242783
188,757.3978193,1210.8035949999999,2398.574699,4227.057683,83.64971163,89.00357248,2627.95675,193.6161374
189,415.3285015,1018.958993,2607.340063,3379.189171,102.326224,223.78038569999998,60.20213483,711.8024243
190,425.20681160000004,1015.849211,2599.901717,3224.8246649999996,173.3806414,306.39090830000004,31.8206876,968.2492272
191,434.31012639999994,1031.824784,2599.037291,3210.245898,138.5923316,136.1079603,52.40908524,458.6228523
192,460.7501836,1170.398728,2277.6755120000003,3001.6167010000004,178.9864464,378.2412361,3060.240734,740.5506722
193,477.7315363,1105.652417,1837.7918809999999,2970.581755,66.87355469,2335.992025,172.1341297,473.9395961
194,495.26925470000003,1233.434487,2514.488288,3330.783993,291.23953989999995,429.524747,307.15801980000003,92.41117334
195,604.3243443,1078.069927,2696.0526640000003,3695.3439009999997,31.42095654,20.87438014,277.1041863,145.11012130000003
196,623.2678639999999,1085.15784,2670.508833,3525.863226,26.03057281,85.75958197,110.654642,316.45829289999995
197,611.0965494,1093.84391,2637.900027,3629.9795,29.22644157,64.29423683,162.4610953,190.03774109999998
198,432.178191,1227.705837,1930.7651640000001,3381.2622159999996,168.2444946,97.96156371,940.5591971000001,2169.798074
199,365.9016356,1189.126742,2012.235882,3489.111496,151.56114230000003,632.5037487000001,978.9007277000001,160.9414176
200,334.027601,1105.7260529999999,1704.1894120000002,3570.608887,83.29596344,440.40445830000004,893.9781212000001,641.0689434
201,727.8930706,1218.787799,1580.984631,3354.2364039999998,163.03992390000002,208.8633237,1116.730663,365.9155793
202,736.9448556,1324.7589050000001,2903.8749199999997,3572.6718630000005,177.9606511,127.8796673,1141.2961189999999,221.5118753
203,743.6579115000001,1295.649258,2003.9456059999998,3500.061649,89.212797,170.93429880000002,1661.347804,140.57457240000002
204,810.7699037000001,1250.150431,3104.856147,4117.125743,350.78369560000004,114.09883959999999,131.45637209999998,712.5421974999999
205,445.9890051,1255.864818,3080.594511,3560.168968,712.8938238,108.119419,398.561629,728.3199549
206,730.2941632000001,1193.232887,3039.284111,4035.81733,334.8616617,59.79029817,3222.2890620000003,155.62447219999999
207,776.7394012,1271.100062,2471.998985,3573.7143840000003,64.06060461,109.98047620000001,3111.209363,343.99958019999997
208,805.801396,1267.181299,2511.69337,3848.899814,121.6427708,179.392185,3032.094236,401.3906665
209,844.525934,1303.18232,2881.134884,4048.083854,117.8964232,178.4056805,292.97260570000003,222.5667952
210,460.31177289999994,921.3496365,1569.7654699999998,3407.4891840000005,163.10853669999997,74.29430550000001,161.8979192,319.2095508
211,571.7679019999999,1015.4162130000001,1952.060732,3816.7970609999998,207.35551619999998,118.43032990000002,1603.6597359999998,80.08964762
212,449.6920352,956.2522287999999,1570.3851220000001,3176.291612,262.4926041,177.2231507,41.05075496,493.0140226
213,623.8966773,1153.707236,2920.802023,3988.741085,61.67871452,21.06224474,365.9804682,332.5153989
214,691.5169097999999,1126.964618,3003.089871,4036.3909200000003,124.3637195,271.7391847,512.6444289,168.92769230000002
215,639.8095887999999,1123.530675,2981.735692,4029.997965,477.828188,238.81786359999998,97.80570165,1400.991832
216,237.14953280000003,963.3146820000001,2663.628319,3821.6202200000002,200.5676936,127.1555989,225.9372101,315.6768912
217,312.57008019999995,1164.5057259999999,2781.788462,3873.071336,307.199502,80.47881436,731.887,474.6576555
218,404.88929989999997,1316.577994,2900.6497879999997,3943.394014,339.9800795,62.33278655,277.79470489999994,1845.051402
219,625.4923347,1090.2706380000002,2470.258011,3844.3476189999997,71.66893397,115.3853763,218.3794528,727.7728027
220,646.9334001,1090.833793,2540.482637,3607.0765950000005,70.35669343,163.27531059999998,654.357543,326.7626015
221,608.4589177,1092.009816,2400.657731,3744.5287840000005,73.76812501,101.1223762,113.9851665,699.6419248999999
222,595.277912,1244.71591,2754.681269,3917.3520009999997,129.463097,168.47930549999998,451.25178200000005,209.258242
223,519.1655968,1137.672953,2702.669973,3970.121939,250.2804056,185.6235368,454.8534964,582.4371734
224,559.8127287000001,1160.1509210000002,2776.157932,3933.294267,133.5948121,131.5780956,358.9623121,858.1478463999999
225,827.0817141,1523.661503,3006.871472,4070.918724,157.7354809,77.43307479,509.96846280000005,190.23606850000002
226,829.9621725,1544.302764,3035.71738,4097.03797,133.7182194,143.64511230000002,750.5913767000001,336.41754280000004
227,810.4144898,1501.4177320000001,3039.7350530000003,4106.534404,137.3137845,541.4699426,647.3072766,139.1593351
228,792.6297337,1058.127094,2015.760782,3628.889279,705.0900299,96.66309514,905.9978800000001,107.41078799999998
229,758.7655597999999,997.4782203999999,1748.2342600000002,3629.4560340000003,752.7032958,140.95031809999998,386.5984062,67.94784197
230,701.3644469999999,1072.064243,2156.592368,3551.6604009999996,112.7943425,197.12417290000002,231.36499890000002,86.16597057
231,616.3828957000001,1539.563079,2937.4283370000003,3757.118839,304.5924363,70.79484832,242.3303324,593.1197903
232,499.1938478999999,1421.425857,2816.4116870000003,3661.612865,307.85456939999995,63.61640718,177.19417819999998,365.21690710000007
233,555.4936818,1433.588292,3004.5846420000003,3677.2937799999995,213.04800130000004,1997.0361829999997,146.7433196,77.42941135
234,576.5598177,973.3046432,2325.629164,3230.140832,47.66326555,265.24969419999996,279.2710193,377.4631646
235,580.7524488,985.8422462000001,2370.618345,3204.998161,60.51862258,372.4756413,403.8295664,1886.009898
236,577.9116349999999,1010.3268519999999,2393.21846,3282.0698350000002,117.4974139,291.5978773,163.4761168,841.3790787999999
237,627.7425081,1146.641275,2748.1422620000003,3197.0973129999998,53.50978154,50.15728123,257.9520345,293.54250319999994
238,598.6195899,1157.5280619999999,2700.7449300000003,3162.115769,102.5184052,81.64541181,179.45323390000001,328.2553359
239,636.9468648,1189.871805,2733.924966,3191.3834850000003,70.89154642,44.87466905,143.0483199,409.4837062
240,771.9866753,1178.284597,3147.93721,3798.2854060000004,95.26675145,204.47180269999998,200.4470115,189.0538077
241,745.9673831,1211.515689,3111.909019,3791.8541149999996,139.91969430000003,306.0676841,131.267909,161.8819934
242,742.6520932,1247.171377,3126.320906,3794.30415,149.43186830000002,219.74105580000003,140.3214513,143.78077240000002
243,713.0337483,1086.8472179999999,2486.0722149999997,3316.461032,71.30372659999999,175.6478395,141.31675080000002,977.6510806
244,702.5766575,1107.36872,2312.078409,3136.5037079999997,13.52499969,177.00785190000002,121.897159,308.2745876
245,678.857956,1243.806131,2505.476701,3252.124327,93.42339551,188.398672,258.05221459999996,83.67700685
246,720.5592872999999,1374.011227,2717.269568,3237.002172,245.88882850000002,1132.43311,1013.452665,81.15154235
247,738.2108327000001,1377.864124,2800.3122710000002,3177.4375219999997,409.0373977,152.9101824,31.31245598,1899.171316
248,593.3368084,1290.3846119999998,2345.6586190000003,3083.9229170000003,294.49728799999997,132.2705344,495.6846357,28.50469197
249,699.1650235000001,1167.375099,2833.196226,3826.657549,3158.824739,182.05425549999998,396.4375514,787.7557221
250,641.9006892000001,1144.477497,2579.498741,3801.9658130000003,279.21536360000005,114.3873862,193.2211227,951.8374051000001
251,640.0696653,1100.9262429999999,2477.8613920000003,3784.166838,220.77431239999999,114.30377539999999,685.8215336000001,577.3965609
252,761.2274411000001,1175.842816,3051.750868,3833.5988979999997,808.1207212999999,103.88795040000001,277.26520239999996,288.136236
253,742.2559057999999,1159.173335,3029.445413,3914.8354090000003,1304.6451240000001,167.79696130000002,331.7908728,1032.088824
254,635.7212448,1136.939043,3033.377787,3760.528014,1318.329522,142.48734919999998,366.08153930000003,189.6294038
255,397.9279509,1265.56994,2649.380462,3516.5413729999996,119.45640719999999,200.1369325,1142.384564,190.9080122
256,469.7275767,1242.684117,2814.829898,3646.1529200000004,90.10846979,66.23597875,230.4192202,191.6864779
257,432.4262393,1215.086524,2744.600807,3556.838932,77.41879038,167.177413,819.5992888999999,438.055791
258,717.7397932,1250.505765,2498.541973,3317.431117,452.4254098,261.7117312,43.5837917,281.8387263
259,665.9824991,1268.882042,2549.78116,3203.3519690000003,433.06652510000004,1058.531959,60.36339778,236.2199299
260,667.454427,1082.834081,2527.929346,3332.430804,147.8126273,560.9937725999999,83.77026615,175.1867866
261,538.0790741000001,1097.8784779999999,2642.3612120000003,3274.366018,251.954331,136.5407233,88.72966169,263.4571835
262,544.2214844,1093.774537,2704.4115469999997,3337.105462,331.0840468,164.7414416,280.93155319999994,777.8031837
263,550.0616761,1106.769442,2631.923927,3309.166568,289.7328701,99.27694139,103.22624300000001,241.18959819999998
264,402.1333304,1150.999557,2379.46243,3633.0725770000004,140.32385480000002,121.50777439999999,137.04092849999998,373.6353063
265,469.9298223,1112.181654,2414.716543,3669.718333,128.403796,352.04684669999995,156.6909574,210.6108762
266,405.1107148,1121.5576019999999,2392.2897559999997,3591.1410619999997,132.7931946,143.2199336,163.81225930000002,332.4784025
267,820.7131397999999,1307.697191,3275.6670879999997,3900.9426780000003,100.5953547,131.597587,289.71412549999997,377.83705110000005
268,778.6004146,1311.463898,3338.51402,3861.4327310000003,108.59984569999999,98.0000885,238.974671,233.35983480000002
269,838.3228934,1348.992482,3300.6656359999997,3812.188842,89.87596656,51.25140431,408.4324554,482.7512034
270,697.9167808,1189.984872,3153.5274440000003,3858.514165,131.0195205,42.1028963,781.5457928999999,676.1639901000001
271,693.2913827000001,1189.756738,2673.258248,3611.093302,98.6437489,45.47402542,380.8921112,2346.1734969999998
272,723.730707,1148.430883,2398.468021,3476.453957,167.1340196,89.41253522,1684.6375489999998,437.09456910000006
273,514.7061217,1301.574217,2404.9448629999997,3826.080753,427.05795480000006,506.5640085,217.16786690000004,2094.477427
274,544.5636860000001,1042.955842,2361.256276,4052.242033,176.6811988,1335.1185580000001,121.60396499999999,1066.635227
275,554.9864878999999,989.6781953,2443.816205,3503.279379,126.9750483,197.0820282,155.828248,376.8922869
276,623.0832797,1043.386595,2896.563942,3752.245104,89.3243417,176.1828362,151.65015369999998,140.32659040000001
277,670.2926856,1152.786564,3012.699228,3813.251274,34.91214962,130.8592039,290.20144760000005,205.68457800000002
278,672.8757969999999,1151.0044779999998,2847.731945,3701.7288,84.65936612,113.58145379999999,64.13704102,127.38325320000001
279,733.8238379,1194.012061,2285.003732,3773.5805530000002,244.43911180000003,350.1544743,482.15133439999994,93.75762536
280,746.3605834,1239.579975,2372.845633,3619.743947,290.019057,164.2504873,496.09767999999997,486.616062
281,695.5822063999999,1284.100424,2429.363757,3991.6029329999997,259.3786934,315.67438589999995,90.78453475,141.7027502
282,544.3128996,1335.300519,2639.4376399999996,3395.6027229999995,511.88107829999996,430.88875319999994,381.5957948,1269.002731
283,576.5994251,1280.352662,2599.044657,3286.930829,244.34505130000002,572.7900338999999,183.80640209999999,3048.278531
284,611.5330381,1310.759794,2748.215406,3673.1153299999996,319.15560719999996,135.9948777,223.83479190000003,1181.435081
285,851.2612942,1420.838728,3066.358061,4021.1999090000004,182.5532325,86.71636062,306.90107589999997,466.1599738
286,834.9859921,1426.496234,2739.612141,3950.5581409999995,144.5779785,88.16949108,374.8824325,389.3761687
287,789.8391174,1405.220649,3110.779624,4044.9844,95.24360396,154.67429180000002,484.19413399999996,810.6755433
288,622.5458062999999,1225.085145,2271.733296,2958.267328,155.0286724,105.5002922,52.09498442,326.21514080000003
289,643.5259302999999,1215.3777380000001,2305.408107,3162.564888,174.0245169,170.5282618,46.81347946,109.7780908
290,626.9783057,1145.478558,2242.109896,3110.943444,67.37680638,48.64760687,75.13531516,219.26324530000002
291,555.233513,1318.166246,2513.749561,3362.2417479999995,81.96433233,4262.17007,36.03776658,69.7388162
292,542.4601878,1318.020322,3056.7701309999998,3776.8298950000003,36.70316401,69.47648881,54.47920257,205.8033028
293,547.7993701,1320.667295,3013.163263,3831.451816,34.96487878,84.19003174,380.7904253,203.6663385
294,554.0515074,1202.620173,2786.56707,3347.467452,159.6288878,155.40111399999998,148.4310765,28.39141291
295,594.1155191,1197.392505,2493.6513059999997,3357.7432270000004,115.97413629999998,418.1077767,329.35321980000003,73.4361932
296,566.1508356,1216.995325,2866.397348,3393.716243,110.80384040000001,152.8190744,198.48498600000002,74.01348436
297,647.7383076,1070.219564,2541.663432,3379.915369,177.39581619999998,509.3266223,167.5738816,211.3548207
298,655.5025843,1136.378409,2508.6805670000003,3613.6786810000003,209.7359046,245.10703590000003,170.6701236,267.22931800000003
299,625.1154195,1171.547979,2504.700681,3489.5974479999995,113.03236399999999,77.40853499,152.41534309999997,301.0168853
300,645.1656024,1167.49898,2951.077898,3640.581117,86.85479135,399.66580550000003,137.712098,405.80310719999994
301,615.6051123,1153.098043,2795.279544,3429.7014740000004,97.5998865,206.8206649,95.69507965,707.4570946
302,638.2340772000001,1153.2065400000001,2938.758851,3455.6583579999997,112.7116962,113.4950011,97.47259563,142.6078184
303,331.5625226,1205.02172,2182.314891,3371.26639,213.43502819999998,225.25819109999998,423.8444124,237.0552917
304,280.0630023,1261.995064,2188.250788,3344.467389,223.52749690000002,61.97269833,496.97210099999995,767.8134109
305,320.8907188,1212.780622,2211.671775,3398.58365,365.7301916,159.7174488,239.18507250000002,132.1175892
306,594.3828815,1532.50442,2812.4459269999998,3852.8153549999997,219.11624500000002,97.66293546,499.9596663,503.6803762
307,467.2826725,1380.807988,2740.835788,3549.3895899999998,385.8893186,118.0116961,93.02444048,543.5234835
308,418.7293692,1139.76225,2578.512483,3748.908902,250.84092769999998,74.43720207,385.8461972,584.1176954
309,848.9349074999999,1363.830492,2142.752979,3532.3418909999996,305.15568010000004,379.9718403,1143.711117,142.4628765
310,726.8779531,1476.755333,2244.764692,3325.662768,445.17222769999995,372.9286932,498.08734599999997,72.34106173
311,907.9854626,1261.1913789999999,2133.120076,3678.804325,149.4424209,314.64611210000004,2266.383186,296.9059318
312,663.9281636,1138.547763,2122.041987,3294.623747,167.44840390000002,96.13351067,172.72443130000002,1575.6073939999999
313,651.5719889999999,1182.162006,2600.191738,3289.114889,104.0799803,241.59341129999999,651.9459555,1759.523866
314,526.4833249,1203.28285,2435.8150920000003,3613.753243,189.2148774,76.84865737,837.6871096,624.4845543
315,673.4743609,1421.728684,2853.548241,3934.362162,101.01876700000001,75.6118405,368.6416043,1592.905072
316,713.5175337000001,1366.179461,2875.492056,3728.813964,170.42384730000003,116.52031219999999,89.54989224,582.3967476
317,647.1439653,1378.526597,3063.9776190000002,3577.435329,167.128861,285.37091739999994,124.85090590000001,434.9691677
318,515.476287,1089.4872050000001,2523.169776,3140.020884,306.2179981,1589.492237,151.5050793,643.4045879
319,601.5348392000001,1133.495877,2691.252579,3381.790611,176.3079074,526.3901958,312.4301163,624.3746137999999
320,583.2563355000001,1187.778159,2556.691005,3565.4564840000003,108.244925,632.0852332999999,177.4937007,230.0729669
321,601.5882002999999,1216.6484039999998,2447.6708719999997,3565.352011,155.9268007,835.5193441,37.18844723,240.45644
322,541.7804846,1083.9612,2539.485359,3558.872133,200.7495498,600.7795012,248.44062180000003,440.4707665
323,538.0236462,1102.324314,2521.637265,3641.1094310000003,96.41020514,286.5997997,166.14862030000003,91.11612935
324,636.5019597,1480.159022,2828.262874,4059.1428990000004,480.547222,122.8924041,516.2105954,192.73415680000002
325,571.9407645,1544.3841029999999,2662.644968,3856.0801149999998,219.13789190000003,85.38694085,303.277636,413.2969399
326,547.4234802999999,1552.9563460000002,2946.4721600000003,4128.594115999999,241.14762259999998,150.9212179,515.5347342,513.065329
327,850.4757319,1372.676254,2669.694718,3568.357547,163.28692180000002,662.5549355,1703.451702,104.90757099999999
328,818.2024478999999,1496.273083,2730.7311649999997,3596.6953259999996,164.1140082,697.6417845999999,299.6543631,1557.3758189999999
329,682.0682608,1277.373568,2455.278565,3589.366375,133.9411628,894.6569880000001,92.26811477,284.7626642
330,506.53579929999995,1024.207723,2675.857629,3417.7678149999997,129.44398030000002,340.9764665,757.9025325,528.9480154
331,555.8040668,1012.476764,2613.357139,3549.6364759999997,425.857921,262.8305341,133.3663527,470.8175033
332,476.57269699999995,1017.72594,2604.1689079999996,3896.455822,135.8477106,114.10811650000001,281.3931072,679.6655389
333,645.7592099999999,1180.72673,2622.79808,3920.7591829999997,102.6838631,73.39238509,552.3967915,499.9979132
334,621.3373497,1101.678214,2836.526905,3252.102513,125.0657644,142.947257,254.49815269999996,2417.1163149999998
335,623.014629,1169.238141,2901.153954,4013.5511049999996,79.00950303,99.38526970000001,6116.039922,229.0280804
336,614.7685488,993.6082397,1917.339566,3587.1722579999996,214.9735498,136.4157964,520.8987428,1606.0110439999999
337,622.0996554999999,984.6045913999999,1750.3316140000002,3418.0920200000005,183.62392759999997,408.7888466,1284.577601,820.5559171
338,609.6194672,1028.834973,1764.5417559999999,3460.525386,242.8117309,1453.583732,158.9132119,257.6434162
339,555.5110496,1350.766621,2459.487603,3529.7910369999995,203.78125459999998,326.1064827,372.324883,281.42979460000004
340,635.5068047,1273.903318,2598.440113,3699.851517,122.47599939999999,90.75407354,181.6599007,309.46342400000003
341,630.2808269999999,1364.286314,2831.880186,3814.634048,176.3124311,168.9249284,459.1767364,639.8010402000001
342,692.1469586000001,1226.211204,2672.383032,2920.620877,71.44165677,214.3783284,198.49919599999998,2009.3819489999998
343,714.3119137,1279.477751,2363.978561,3052.6323190000003,113.723685,298.9070878,73.31206372,93.48182759999999
344,698.412192,1209.97117,2133.96155,3045.381572,102.13362059999999,527.2223746000001,4483.760006,209.5888644
345,645.184082,1067.523782,2734.115493,3055.361978,141.1811261,80.50088138,1915.1155649999998,289.3255138
346,586.7256756,997.0818447,2702.5364649999997,3761.440922,95.09052528,162.81480390000002,657.096928,117.30629750000001
347,644.6633484,1070.1655640000001,2679.521299,3537.5900880000004,126.55457879999999,122.91649540000002,178.5824462,206.90180769999998
348,307.8219319,1267.7980710000002,2679.153438,3743.986949,398.44458310000005,195.3698496,322.8875445,252.68738650000003
349,464.1288741,1143.0442189999999,3232.666891,3812.0326609999997,427.69559680000003,146.28602450000002,255.3943481,349.8475762
350,600.743882,1157.220738,3475.648017,3971.315693,754.5854839,343.97201689999997,325.02823060000003,777.4094589
351,714.1591754,1307.62573,2722.9951690000003,3639.002735,457.1073142,1800.0970109999998,549.9662413,370.28382089999997
352,715.940379,1373.580483,3009.124852,3747.281415,307.76458260000004,86.08901754,293.30258399999997,301.4614602
353,671.4400945,1391.274989,2927.256648,3582.219899,374.57629280000003,145.2790447,426.57415030000004,208.7178168
354,685.2042024,1239.503473,2529.414385,3688.027446,144.7447765,337.8031783,3579.4276560000003,356.5061668
355,823.9664932999999,1332.207943,3048.05316,4195.712107,188.54698369999997,1110.633789,206.6016919,207.7661487
356,817.791563,1350.645191,3016.231764,4175.677551,223.68466769999998,330.5443745,631.7490443,125.6675395
357,914.6410052000001,1529.0151050000002,2885.126451,3790.328455,140.62883490000002,145.07800840000002,725.2664014999999,517.5795945
358,893.6742585000001,1500.543247,2606.571472,3460.080868,113.3394598,185.94995980000002,1220.670225,973.5759216
359,846.4195145,1543.542155,2789.983334,3841.96126,283.002902,272.721314,206.56181769999998,951.9844278999999
360,720.2542576000001,1254.432007,1595.338436,3159.371268,103.66528559999999,627.6304616,389.3070881,250.60098059999999
361,710.0434067000001,1191.655647,2300.588804,3343.038669,2070.642722,173.9371257,265.7138417,236.7863869
362,709.7097660000001,1036.150006,1723.052646,3270.86872,154.2918901,1795.7224670000003,226.52996480000002,221.96307290000001
363,642.0752687999999,1207.787717,3018.06634,3984.037768,125.503993,71.99453875,217.48896820000002,1189.709865
364,639.5954234000001,1137.810622,3202.610177,3698.096453,151.6491921,236.3032339,230.1599978,135.1809061
365,625.0462428,1165.11914,3101.2815579999997,3891.978875,124.0395226,118.28605490000001,143.5809166,323.84811360000003
366,582.2993342,1276.035006,2834.306462,4097.531773,269.6386082,238.89073019999998,629.7499659,405.06050530000005
367,708.7415143999999,1315.2192189999998,2777.309997,3907.525395,2519.408085,579.6049694,120.39645949999999,682.2867716
368,679.9823581,1316.976295,3002.221929,3891.83822,137.7200076,121.0356019,510.7837053,279.9266565
369,723.6147751,1641.71887,2780.225264,3483.3895119999997,269.3954189,361.3363236,1359.482823,141.7970274
370,614.4027867000001,1285.156322,2452.8355100000003,3507.242233,639.051479,335.2792185,225.8893099,249.10249840000003
371,855.637492,1420.976247,2747.4417949999997,3489.4405549999997,109.1969966,261.7558042,162.0539584,979.0444244999999
372,569.6222274,1366.802844,2646.8252260000004,3890.9858600000002,66.86856317,593.566219,2172.746626,142.2472949
373,591.8197066,1139.244694,2180.550365,3286.3386370000003,444.35667889999996,124.7016049,816.3240676,1918.038671
374,506.5516965,1235.9901109999998,2484.709421,4352.976755,453.9023198,102.8639483,580.2218897000001,1339.294408
375,683.2477607000001,1542.8260070000001,2404.0331969999997,3169.161986,124.04839960000001,289.7322093,3201.693585,187.6920352
376,630.07445,1395.912461,2139.6243059999997,2958.681748,191.88440680000002,481.98165480000006,1181.83711,161.62589409999998
377,664.453537,1320.807503,2089.082263,3234.086578,140.9355518,475.0345704,1201.628573,272.045705
378,631.4354893,1230.3755119999998,2392.7629260000003,3290.403151,138.1817567,68.34359779,416.196978,95.41510233
379,572.1372771000001,1166.228775,2421.7839519999998,3280.169677,74.05428061,80.70829395,213.37275719999997,440.37110939999997
380,598.0354936000001,1177.041676,2404.166059,3369.5521409999997,100.7951081,185.4065479,222.7952429,248.89938199999997
381,600.0431796,1062.592774,2761.6764120000003,3540.870946,45.66346374,80.03096401,214.5667424,347.4280149
382,595.7864993,1155.34221,2499.672523,3535.469292,34.52592105,108.0343517,242.81609669999997,141.5599814
383,598.9591475,1196.659526,2534.748492,3368.538761,38.41556747,158.1400679,131.1027943,404.91880110000005
384,685.8809587999999,1108.819265,2541.7070280000003,3266.887094,41.15872307,75.42834053,92.34597195,635.2155493
385,643.2804056,1138.010866,2591.221216,3384.7268670000003,71.08488542,110.9383493,155.24420980000002,179.86267619999998
386,625.3028776000001,1140.606651,2495.476397,3365.349639,65.95933932,69.11977271,129.76388490000002,118.45117069999999
387,324.20556939999994,1315.078406,2680.237252,3220.724506,87.43276918,207.93437849999998,91.74617629999999,468.19097039999997
388,476.79765870000006,1303.974968,2733.2308559999997,3407.58565,72.25936203,43.04822905,21.16439666,139.56887959999997
389,477.1573484,1298.334655,2724.5702730000003,3490.9456450000002,232.90644469999998,200.6029764,42.91460526,562.8577912000001
390,541.2116687000001,1057.807556,2537.2246,3511.3214159999998,154.9736823,425.5031904,235.3891482,188.7467007
391,468.845115,850.4568353,2495.794116,3601.645564,174.8038742,374.2191049,40.95861093,558.7495486
392,486.793617,847.1685405,2583.487336,3514.965674,175.2091916,367.86493110000004,184.923486,319.24479310000004
393,832.2561407000001,1499.938034,2690.654659,3086.1035039999997,68.52168429,143.9395705,176.8525965,520.5786784
394,833.5041572,1439.7339259999999,2044.948175,3110.863305,78.0513224,94.16421265,3394.2592369999998,196.5340491
395,854.6930022,1501.042741,2885.2344,3802.338929,101.333638,28.85997408,187.697079,319.34429769999997
396,938.1663917999999,1543.9330949999999,2695.851611,4071.3638619999997,66.26357137,274.76070699999997,104.70866540000002,85.63422977
397,962.5338893999999,1391.6501349999999,2710.1901589999998,3187.594766,63.64799300000001,275.0563081,939.106809,424.4622911
398,888.6825924000001,1491.8761550000002,2536.373775,3540.5342880000003,76.59706308,244.9337616,100.3723981,46.19823284
399,740.7193539,1520.21452,3239.012786,3691.090965,30.57566883,208.8887389,198.4949212,419.9545907
400,553.7148506,1170.898834,1939.7204219999999,3658.164963,111.9200926,109.23313710000001,407.1231903,259.4645167
401,682.1906094999999,1264.688098,2879.144758,3653.335031,99.38818825,307.05722810000003,1624.462314,147.94959269999998
402,557.1992552,944.7796438999999,2738.620968,3227.856471,35.60413113,245.9503571,206.2432872,251.9379554
403,531.094755,939.7501787,2753.833025,3252.453218,46.7071271,219.3337702,130.4910449,160.2942999
404,565.9401383999999,1000.5470359999999,2775.2686489999996,3357.4391149999997,91.61454463,502.5170502,188.525123,306.7515245
405,815.7579003999999,1276.800387,2684.1394760000003,4089.097389,170.6960079,233.8695097,371.8774954,551.2690980000001
406,888.9304437000001,1279.730454,2673.422874,3945.637711,148.63134,122.27112450000001,92.26907978,283.44572999999997
407,885.5997722999999,1168.9462859999999,2635.554589,4312.833936999999,112.91055659999999,323.4464438,146.34600980000002,603.9112931
408,771.6196251,1440.10496,2746.6184510000003,4021.155811,306.3228023,275.312796,436.7202571,226.1670917
409,857.1277739,1513.234852,2918.912618,3993.111574,753.516982,609.5303723,384.8217125,105.20381359999999
410,821.7928638999999,1503.879197,3100.825292,4186.1622259999995,473.9345716,243.80035159999997,228.5193915,100.1080395
411,736.9832861000001,1361.085117,3146.2311879999997,3824.556525,364.15491460000004,245.6889379,170.9976117,152.3104311
412,722.8041992999999,1318.329883,3071.828082,3826.65621,307.9518837,667.0219422,375.0660371,291.31701929999997
413,737.1284495,1318.896561,2848.559667,3567.482977,54.29781434,91.32033447,315.568347,128.9589642
414,607.5562278,970.7907347999999,2574.6395039999998,3433.480438,347.9911961,173.9494921,103.1275495,128.66467340000003
415,622.0954303999999,974.3419212000001,2595.154725,3518.9725789999998,521.9896558999999,253.74307909999996,91.39077073,236.57873199999997
416,628.3002978999999,1030.53847,2661.90892,3602.357843,125.044702,375.4850761,220.5689316,472.79549110000005
417,438.2959182,958.8832385,2740.554919,3147.137331,109.4331439,171.6387442,179.5326694,330.0631861
418,398.1311835,969.5134327,2665.108545,3080.1755,104.55468590000001,81.95883775,201.4470275,165.1532079
419,389.7378738,933.8729212000002,2698.464504,3305.486716,228.22778280000003,137.3462764,217.24060269999998,510.2079835
420,939.5674928,1325.851504,3109.764554,3866.586768,284.0107756,197.4719231,298.1718212,793.3878549
421,757.7253706,1244.608778,3097.1435239999996,3599.077467,247.8268857,65.80746853,72.58796159,137.40538480000004
422,761.6872459,1281.571761,3185.03475,3684.922699,338.4982849,90.22090664,208.14814099999998,332.68829439999996
423,526.8821489000001,1164.720995,2597.972172,3428.826821,204.43475700000002,68.38605618,41.19660915,124.84353190000002
424,501.94872760000004,1158.661091,2556.359715,3512.363824,545.3288193,368.1345318,93.66800893,530.0137208000001
425,504.1815757,1129.639962,2476.732486,3503.107173,350.30329689999996,665.3909547999999,278.4589979,675.2430107000001
426,700.7217617,1446.439948,2714.844339,3786.2438060000004,440.27263550000004,201.74802659999997,136.7845122,420.03929460000006
427,603.9245079,1293.120157,2493.285829,3215.444687,397.89806269999997,321.24913960000003,415.2126507,927.0517468
428,622.1251046,1389.6210529999998,2539.908078,3359.904092,774.5836437,720.1339919,669.6245828,503.6803762
429,562.7192749,1159.384902,2653.6406190000002,3134.223093,61.51726646,483.98950329999997,261.3729458,1305.678101
430,562.7851301,1176.0943439999999,2650.500735,2969.9443300000003,51.83220126,402.2918772,1446.205475,310.7475007
431,560.331283,1186.142806,2425.3817710000003,2883.4459039999997,86.30734773,285.3199671,2995.001973,177.6731155
432,456.2956143999999,1347.11945,1961.861591,3251.403592,297.01495669999997,423.3582796,929.5072982999999,99.34069498
433,564.0124944,1163.909512,2176.066457,3417.2629020000004,302.2929985,353.3364818,154.1472291,1202.110804
434,575.5070360000001,1186.177582,1690.743525,3142.583486,226.45912369999996,428.83467939999997,304.30780669999996,100.8227199
435,649.1678122999999,1055.755694,2940.478162,3772.066786,72.59312712,217.1423849,144.0858031,129.24874499999999
436,667.3672965,1013.14224,2912.793921,3755.7876149999997,77.08050974,202.8248862,177.31949609999998,197.4248807
437,559.7492896000001,1031.57373,2990.600127,3827.185301,77.99385799999999,90.62758198,225.46689019999997,99.95112759
438,635.2096889999999,1052.09833,2601.221621,3247.886133,101.4425487,166.3160449,120.22637830000001,458.1578518999999
439,612.5049872999999,1011.98954,2656.4243530000003,3173.115706,49.60576589,46.75033699,201.919608,161.86377099999999
440,677.3098061000001,1115.354544,2678.899963,3346.128192,76.68253256,301.1537726,102.20214809999999,317.6759504
441,826.6240422000001,1136.5040490000001,2000.3529760000001,3561.8488420000003,2036.626824,99.45626180000001,200.20572380000002,247.13176239999999
442,991.8437118999999,1589.272495,2402.825048,3380.437093,141.0236571,206.30070769999998,1255.681483,395.9749438
443,797.4515112,1264.2308289999999,2794.326732,3834.526007,70.17766464,215.76553019999997,155.1465018,695.8772661
444,642.5563113,1576.102645,2945.4464550000002,3615.788482,136.6401261,96.30329148,94.28053325,84.04539849
445,622.0503819,1632.8750029999999,2994.806636,3611.6332039999998,107.6608022,140.6137007,266.2153088,429.2889285
446,639.0554101,1592.055133,2951.604872,3659.091083,125.24499640000002,124.11091470000001,194.6243708,232.15286349999997
447,822.7061966,1394.9731,1701.528117,3174.53505,93.84525352,393.1081762,827.8366828,182.10631769999998
448,835.6659528,1425.9070869999998,1700.2130309999998,3140.4868690000003,122.43831159999999,399.1050392,1239.775287,92.24060964
449,833.4896911000001,1398.932576,1521.834586,3091.660394,96.07174826,283.229895,1579.826165,112.08220159999998
450,535.0303393,1286.7069099999999,2801.17209,3727.929362,56.95377826,88.31130588,763.2575678,220.22807180000004
451,577.7173547,1301.762631,2992.511756,3881.8746189999997,140.5515474,88.65738718,654.1871249,368.964467
452,549.0039385,1299.554782,2871.1124,3977.216463,119.77421629999999,92.39180414,621.5882566,206.79590369999997
453,676.7278524000001,1079.653096,2692.289636,4100.445154,99.09986298,65.79145965,103.46453149999999,473.68836380000005
454,658.9360221,1115.853726,2972.1380280000003,4055.1272340000005,132.22675759999998,67.17577213,205.67573180000002,1056.477549
455,726.6560111,1141.024936,2773.292373,3463.981993,138.9728514,70.67069904,659.458915,413.2937246
456,541.3299027,1160.91002,2879.709103,3467.30563,67.03643211,158.46749069999998,291.0855605,586.310417
457,515.3317886,1168.487093,2980.308479,3411.840607,364.72331230000003,650.4429504,267.1276558,581.4969182
458,457.93465870000006,874.5359548,2692.508798,3216.260953,510.8291442,402.8027879,105.85149709999999,1607.2887289999999
459,531.7305476,1155.654519,2722.622329,3306.4564969999997,421.174046,82.9598194,145.73143149999999,460.48493679999996
460,601.8586787,1174.845462,2772.971495,3115.751175,88.40652826,121.1334483,108.5325788,3357.393643
461,598.7226463999999,1105.357125,2764.969712,3162.237909,75.66176637,194.8243708,350.32702969999997,1733.7477390000001
462,428.72472310000006,1191.5036929999999,2733.57449,3366.6187689999997,407.35448360000004,112.8038375,347.1265754,1665.796575
463,459.5825211,1158.0690789999999,2824.810887,3651.3489200000004,715.4468912000001,124.5920257,145.5522319,145.39437809999998
464,451.88389639999997,1512.712977,2891.491897,3713.121239,368.6930895,113.3166481,209.84996980000003,374.7470018
465,442.76595549999996,1151.793998,2289.474811,3665.295524,469.63250089999997,286.15245519999996,176.4092603,217.5087724
466,576.7575772999999,1355.978917,2286.001503,3550.75716,222.40471589999999,212.78937340000002,277.5442212,249.80173309999998
467,819.4327654,1720.338168,2680.123664,3915.707553,618.6561346,2667.962914,564.3252941000001,491.5988015
468,569.7560783,1073.695623,2474.400684,3614.481175,61.19679124,240.6453733,94.29154653,275.2614111
469,613.7146902000001,978.5618857999999,2546.963846,3465.2822229999997,127.0817993,536.8120265,225.1706963,61.22429302
470,611.6955462999999,1295.739093,2466.9171,3488.9329369999996,132.709051,873.5669062999999,102.9919783,171.70110630000002
471,602.4543118,1173.621781,2717.4417120000003,3305.1122219999997,66.75442714,99.22836815,119.04483049999999,1252.9984060000002
472,606.4901336,1241.9073210000001,2676.479114,3336.313278,72.82849413,144.71881489999998,105.3745991,125.0842195
473,606.8809315000001,1201.251579,2676.11571,3341.513352,50.18338219,122.6725851,123.4304331,203.64610259999998
474,627.8714528,1222.6000490000001,2426.331013,3418.231418,118.5141568,75.36027425,512.3984346,266.93449649999997
475,623.5679805999999,1251.661819,2535.129857,3524.027694,101.3873493,26.52622617,404.3357857,220.2599964
476,669.9983063999999,1227.990274,2941.173991,3465.428975,107.0861057,235.09011380000004,637.1421062999999,298.4390289
477,449.8535432,1188.374358,2288.087269,2984.255717,596.8248494,153.07542859999998,134.92062040000002,74.54851223
478,569.582895,1165.058529,2529.702072,3174.701407,251.02895139999998,167.5073939,252.9920744,2555.724389
479,673.4970421,1156.2135369999999,2597.824061,3335.911548,267.8016712,1372.454369,408.6881093,264.9787873
480,687.1917618,1181.513699,2149.04139,3551.3783270000004,67.79395573,50.59617985,273.1855682,64.63800079
481,677.0705467,1195.1863460000002,2158.285281,3534.4357880000002,27.3420093,44.43846304,213.17751180000002,258.5132076
482,702.2016846,1203.4924,2137.742233,3637.6488520000003,59.24775069,67.484753,363.40308239999996,365.43167969999996
483,550.9156082000001,1158.8254259999999,2860.058357,3743.9059429999998,75.95096451,213.7502753,346.395347,599.573372
484,586.7634182999999,1215.118598,2820.754689,3738.294757,53.30571512,90.52830626,251.8371019,410.2157356
485,601.3013668,1103.04559,2841.36474,3548.587029,41.65174119,149.55019030000003,325.68620350000003,593.8338934999999
486,592.0017546,1485.5061380000002,2876.85805,3370.993708,295.0870546,364.1120466,300.9342323,265.14681290000004
487,669.2385366000001,1412.4597800000001,3043.279904,3440.69604,129.3687351,108.4886232,152.8212944,1458.655411
488,768.0645367000001,1504.1617210000002,3010.172098,3464.718506,128.2515957,100.7819072,598.9795068,219.1930045
489,585.6709278,1164.342799,2791.803237,3685.638455,129.1805981,147.8872196,218.90069480000002,154.5636853
490,614.1276651000001,1062.182799,2799.492836,4284.736576,126.82839270000001,304.7441215,151.4842068,76.79546451
491,617.2932494,1159.006641,2777.0733219999997,4277.109433,96.70370619,189.44450080000001,174.3927404,88.54515836
492,539.2345999,1145.702996,2547.753275,3528.5971759999998,96.38829586,119.0751242,267.7072901,169.6503484
493,532.2590315,1150.122047,2510.231911,3522.4492990000003,81.38925163,65.49740253,133.9925433,127.0734963
494,523.6096047,1149.508245,2521.422539,3559.390175,116.12232990000001,82.60354888,195.9942261,49.73141401
495,604.4441627,1026.247448,2918.059518,3411.566818,82.42279847,63.52115029,180.8865889,602.5215034
496,614.7909857000001,1021.917235,2849.7515940000003,3276.59548,87.83754568,115.7465386,553.5170825,456.50502769999997
497,616.5169854,997.8868457000001,2795.742118,3345.210904,70.79249035,108.67481399999998,486.73280430000005,448.3610725
498,769.6330935,1444.251303,2768.066451,3710.936325,196.3274792,298.519533,264.7316835,145.9028279
499,637.7919741000001,1243.091493,2213.725553,3374.340075,184.02894640000002,442.9618857,2276.685871,455.2391359
500,623.7764581,1343.396584,2482.392535,3425.8951130000005,165.02641409999998,341.9468887,395.3649616,352.2826184
501,549.6162414,1119.824908,2544.021459,3621.314909,101.6333569,430.1397456,689.0498941000001,604.6992382999999
502,579.2189571,1140.020289,2470.0863489999997,3682.977528,123.25122379999999,120.56840919999999,606.0716777000001,348.7143993
503,581.8928492,1152.564052,2547.773013,3725.377169,181.77054180000002,139.8347979,377.2979452,341.57957339999996
504,917.2988673000001,1480.53688,2905.700277,3949.530235,244.53164819999998,362.6022276,127.1913483,437.61210719999997
505,1008.8921320000001,1445.430318,2997.956359,3949.066394,226.61694989999998,310.77300299999996,126.4938521,557.2552122999999
506,897.6708948999999,1442.1863050000002,2860.117178,3891.621347,506.613639,247.23651189999998,197.99854630000002,334.7689315
507,498.52962510000003,1096.279429,2900.955963,4123.505959,136.7146324,409.4050919,394.1162372,377.0536732
508,523.0866853,1025.9128150000001,2518.0593280000003,3516.5291450000004,41.72813206,76.99095609,118.6817523,312.43909069999995
509,507.145204,972.3992569000001,2560.383281,3578.776617,20.46170408,136.2914395,107.23526890000001,203.69291859999998
510,708.1963694,1448.285765,2748.248461,3493.5628079999997,123.4362674,157.99893569999998,402.3746402,807.1362608
511,674.0696458,1365.644211,3129.126542,3845.866374,105.03961000000001,130.3041007,164.77292419999998,190.5916868
512,722.8326096,1403.5304720000001,2992.280335,3574.586026,156.9435521,120.1506032,119.4058378,403.849448
513,545.9961991,1178.5810210000002,1833.818475,2795.375888,259.0009917,160.5528185,922.1150047,309.9592092
514,511.50451200000003,1218.3105150000001,1723.1835469999999,2584.229234,105.680853,162.194636,597.2580111000001,97.78953699
515,497.7352963000001,1253.067834,1861.387338,2755.824861,177.72680309999998,148.4662614,604.4883252000001,130.24359520000002
516,905.5888689999999,1325.680154,3247.657768,4101.164965999999,139.35626630000002,356.1892883,220.2309866,214.9048734
517,895.7836597,1363.916772,3128.321668,3983.3245079999997,150.14276809999998,261.3113166,90.24404389,1079.96534
518,850.4932034,1399.8258970000002,1776.939416,3185.99894,130.1181621,135.320275,1761.544377,172.192344
519,849.4557380000001,1267.287178,2508.044763,3613.367601,85.25849272,111.6311124,92.56469366,207.9065663
520,784.1643207000001,1268.180152,2450.4999190000003,3493.900563,105.05810919999999,175.37186699999998,89.61721535,170.13779480000002
521,816.4237357999999,1270.179963,2583.852708,3492.9172729999996,129.0059118,139.3122434,103.0071959,172.31060180000003
522,514.317583,1331.167547,2686.662368,3721.0641729999998,87.70779491,52.29452573,158.6021236,62.82938816
523,502.5944829,1316.842025,2623.511171,3696.7759049999995,56.24548102,143.6586708,221.202509,78.14203282
524,501.3080318,1245.256055,2330.265809,3474.330532,92.45746732,115.20751100000001,186.8550867,159.6884987
525,777.7579251,1311.487132,1778.393125,2886.9308260000003,122.75899209999999,87.88884567,2092.810465,88.18477275
526,733.9880855,1349.2736830000001,2675.360894,3582.215362,84.35228086,54.2533454,219.63973819999998,144.7450375
527,937.1028087999999,1426.875907,2549.028769,3468.0216229999996,103.7721512,118.9000213,444.3641076,295.95497539999997
528,761.2527926,1398.378031,2286.895943,2990.3159,124.58814109999999,340.47267089999997,4796.311681,220.3224595
529,776.751129,1310.779405,1675.901931,2968.1197420000003,174.948964,3036.7166260000004,320.35114269999997,271.5909454
530,749.2692159,1267.317574,1807.165877,3171.770714,154.7192672,2051.175021,436.2827176,233.03044069999996
531,633.9655749,1036.8463140000001,2781.0876359999997,3414.688382,64.05747805,127.78522679999999,128.7091768,145.7932872
532,625.2269028,1004.297593,2832.1962329999997,3372.730616,87.14945865,82.78579726,229.51621769999997,118.28555790000001
533,618.7332625,1034.437553,2715.469869,3382.105821,95.13056473,98.52062278,696.0405377999999,232.0673733
534,870.0669194,1320.3569630000002,1671.1417279999998,2629.70162,258.38086069999997,683.0080998999999,210.03190890000002,269.9685715
535,788.4231117,1044.2168689999999,1715.768431,2659.1604399999997,233.366047,780.6697462000001,319.2286366,214.9266232
536,836.6008919,1281.423349,1733.805568,2471.9965460000003,244.040492,1071.4507310000001,459.85256739999994,384.3260291
537,919.8478284,1305.987805,3156.52698,3582.9194009999997,238.62216349999997,391.57761630000005,748.8436519999999,136.247517
538,762.0534307999999,1138.4517529999998,2986.4628079999998,3458.5520109999998,113.75991040000001,332.7699312,183.32570269999997,133.70630490000002
539,755.9685248,1175.902412,2924.6480920000004,3535.024956,619.8901654,269.0493396,170.22556819999997,741.6633614
540,732.2269079,1763.927171,2286.771757,3255.71035,196.6160158,161.3076031,29.5591228,128.93213909999997
541,711.1232689,1612.5534630000002,2294.410732,3064.2273800000003,294.01941560000006,170.1163368,234.79584989999998,648.9214334
542,883.6118593,1599.5146,2500.4733,3003.151653,299.65369649999997,1970.041288,529.8169684999999,122.0396298
543,566.2565544,1296.2984310000002,2632.765434,3680.7240070000003,474.0503201,393.7606894,231.6611324,108.464942
544,533.2502348999999,1477.633411,2954.5971879999997,3837.209177,183.2510792,129.0165465,119.2211457,490.7836044
545,657.9278952000001,1505.3950220000002,2876.467035,3871.656332,315.9335168,537.4380997000001,262.1744057,256.0042425
546,640.9183482000001,1273.116931,2465.245002,3690.312676,227.4941591,884.5769932,1863.200168,430.6871649
547,592.0212662,1286.2534380000002,2343.2016719999997,3057.691343,111.0346324,601.7370246,329.7118477,1189.195099
548,625.6369736,1305.483401,2235.635166,3339.00426,214.0886256,627.8658296,1115.5287460000002,1640.272792
549,337.5269714,1028.383173,2446.028789,3696.403007,131.6378029,61.84077436,692.4015937,571.1827751000001
550,316.9812933,876.9644573999999,2142.821492,3636.949647,275.03409500000004,1033.406084,423.52350880000006,758.1738743
551,377.33610719999996,1051.470401,2317.602237,3279.5977980000002,192.6449164,489.3226261,2006.982202,334.54635360000003
552,444.5545199,1240.593047,2773.585268,3949.5023119999996,426.3709058,185.00491430000002,574.5059313999999,1412.506537
553,543.723343,1190.242813,2624.633519,3959.8341100000002,137.1203031,297.9349646,490.2324115,160.3419049
554,417.3164378,1343.241084,3013.555482,4073.49615,192.90731730000002,142.7557539,181.89760859999998,654.1281912000001
555,648.5900751,1096.611034,2223.6479999999997,3134.352125,132.6068106,83.03086053,213.3185346,443.66740480000004
556,615.2088744,1021.21406,2328.7938510000004,3246.705365,162.5152279,189.2948936,272.426763,211.98503680000002
557,598.2207816,1105.095996,2238.365076,3281.340914,325.6971733,125.09611240000001,258.2218434,609.6277732000001
558,366.84800260000003,1027.0314859999999,2722.0208829999997,3693.0758539999997,192.8196464,238.0169387,509.54267000000004,1194.03508
559,366.3260955,1121.963018,2698.659159,3750.821423,296.70143010000004,105.1847112,237.23349019999998,186.6450521
560,413.25888310000005,1023.1925470000001,2593.05854,3514.5775350000004,247.31902030000003,474.7530616,233.79349530000002,3457.9337060000003
561,800.9762915,1393.990245,2073.380882,3249.534798,185.9560419,3515.136283,289.234954,602.6133937999999
562,808.7170662000001,1376.60076,2864.07411,3570.752091,170.24980109999998,117.7047955,494.3891337,2601.562908
563,723.0426099,1370.507356,2493.236968,3614.050962,179.74946519999997,150.06158430000002,240.1749847,901.3952365
564,683.493541,1333.191323,2560.790887,2861.325833,268.2063258,198.1204415,145.091036,655.1617824
565,688.7997667000001,1379.53062,2544.9599780000003,2750.911602,219.3999387,216.4993736,110.4781153,1374.501926
566,715.8379980000001,1470.902039,2475.09584,2794.764751,120.994487,300.9363401,192.9727917,268.4675762
567,794.2702644,1438.940087,2451.285524,3587.3481840000004,248.483603,53.08944125,191.8540404,516.5924179
568,698.0608589999999,1442.000225,2461.515774,3179.692744,388.6665603,3343.456414,42.43103253,179.6104332
569,755.8107597999999,1458.349881,1843.690465,3091.216836,274.3626847,78.25742945,2631.081366,242.31832310000001
570,585.2042739,1103.599434,1904.019864,3369.475443,403.6178186,134.25328249999998,850.8063537,118.81970990000002
571,577.866117,1103.188444,1972.309693,3403.0194079999997,298.123399,257.27170930000005,368.7891763,449.670613
572,609.752314,1089.540488,2038.358582,3437.346115,689.2855427000001,669.1195895,141.07371469999998,219.438648
573,652.8544626,1089.4842039999999,2787.534473,3446.840618,108.45765559999998,65.02720275,99.43615791,234.7224795
574,627.6029227000001,1083.53822,2813.2651539999997,3330.621912,147.5339182,101.15126219999999,3397.2551770000005,236.97458840000002
575,655.5981563999999,1079.9077220000001,2709.386959,3226.370904,163.93676499999998,97.25224333,155.5094534,908.0070189999999
576,755.9693533,1486.8431480000002,3058.5857260000002,4022.9614340000003,159.3842726,121.02799180000001,180.30535840000002,354.5003642
577,690.0373361000001,1475.095039,2931.698372,4079.0313509999996,172.2828135,2023.5391789999999,152.4157293,131.1078958
578,733.2194982999999,1516.632184,2363.520846,3550.629961,70.09959494,107.174897,428.6781954,646.4835453
579,666.9187716,1057.86944,1411.231297,3189.223654,451.3383158,169.6612134,1024.6191939999999,295.84867310000004
580,665.6288827000001,1045.8484039999998,1989.120665,3361.730498,279.64717060000004,91.53252688,378.97310710000005,149.5055822
581,667.2113063999999,1153.9347970000001,1603.506321,3134.405712,173.1628554,97.88453298,369.68870919999995,345.0207347
582,745.0161408,1589.6439699999999,2872.59212,3972.6390509999997,146.277037,299.6194565,281.97413900000004,914.4131652000001
583,712.6337223999999,1616.755318,2875.3286420000004,4035.0707420000003,136.2713437,305.6305573,81.75430885,603.5946
584,648.8811548,1401.090802,2558.873734,3914.151679,256.76215279999997,153.453316,209.1524767,942.5097109999999
585,632.780443,1192.124616,2611.051257,3871.623604,66.90297622,132.53491019999998,179.744993,606.3016158
586,619.4843348999999,1192.017426,2630.6168239999997,4254.2396420000005,101.8156923,124.5900397,399.2738415,565.6960613
587,652.5411551,1216.165098,2589.352991,3627.5664159999997,61.78612581,117.93179930000001,111.23725690000002,510.5236015
588,791.7574578,1230.828585,2704.98584,3036.625278,135.9820135,134.5379276,2338.036168,134.0586199
589,847.7873263,1252.125086,2908.625476,3446.460614,126.0662293,245.86141980000002,90.34767252,3808.9187479999996
590,862.6263907,1258.0452460000001,3018.276717,3828.7274450000004,128.70701770000002,144.5860979,83.53326227,3791.9941049999998
591,606.675248,1220.99151,2633.0396309999996,3592.659318,219.29736269999998,265.6428129,144.9075733,331.4177643
592,701.4432786,1231.600002,2692.096933,3799.6283229999995,222.97230109999998,191.45522649999998,150.2465194,354.7795657
593,637.8048266,1263.577191,2727.136337,3727.477211,302.1414062,118.5243338,56.69071399,674.9802676
594,531.8942132,1922.747225,2669.993946,3653.876317,49.72266441,423.9571426,143.8386791,88.30111613
595,566.720335,1773.733231,2579.7665190000002,3750.493621,68.80838225,886.5296778,264.9235184,868.8064494999999
596,508.2444661,1644.508063,2738.751846,3645.730501,75.57804412,563.0591552,341.37278019999997,262.9597846
597,580.3618583,1160.289433,2756.24979,3347.979552,76.33379305,18.0283163,43.08064114,457.5486289
598,593.3612836,1143.789501,2708.830389,3489.811812,84.91393314,106.00789990000001,183.2822785,343.2410514
599,587.1288086,1197.04135,2735.9131260000004,3531.60885,76.7124949,64.60077436,440.79400989999993,602.4847725
600,575.6707048999999,1155.783999,1490.730095,3125.6081,298.6906987,362.4627503,824.1593508,424.99784689999996
601,595.2687979,1120.3399570000001,1544.398752,3195.249784,314.5202965,1077.0278349999999,355.7215307,245.98097059999998
602,512.7598144,1195.709756,1677.078609,3106.892968,484.7657592,195.4423394,1561.865333,694.8394681
603,981.1761467,1440.9064560000002,3296.30998,4037.0034259999998,453.3534473,85.58426475,154.44104380000002,373.41046989999995
604,870.8105226,1476.0207480000001,2432.941715,3685.758874,556.2571891,421.8138058,159.0109203,310.0520308
605,909.5254028999999,1504.854777,2602.386536,3866.7638159999997,835.4357716,182.74456999999998,172.8984495,364.25005189999996
606,688.4162382000001,1565.387194,2222.4351690000003,3426.2064990000003,425.1136647,109.7263104,514.0345223999999,366.1915002
607,715.7127141,1551.3372470000002,2520.8238890000002,3431.2636700000003,248.37077069999998,92.72989263,1479.035076,324.79044530000004
608,709.3230762000001,1607.413696,2511.357928,3388.1613700000003,258.3872071,1179.534169,293.99346549999996,266.7638037
609,648.6932995,1252.7874259999999,2421.1652050000002,3758.0712719999997,48.69542468,26.07459433,444.79832630000004,361.3643148
610,624.9069885,1245.381683,2375.94602,3468.401917,99.1216008,28.79101619,267.224023,241.2393768
611,625.3190625,1227.479065,2672.508467,3794.542797,96.12110059,202.246622,60.46912664,310.1141658
612,593.8221342999999,1414.1438130000001,2873.363379,3944.5679219999997,108.6692913,100.34403420000001,157.6556621,534.7941611
613,648.0784042,1487.127264,3031.41929,3742.9712700000005,134.1613325,59.09668651,134.5942763,143.8478363
614,664.6768496000001,1434.98835,3128.05386,3810.020846,615.5400392000001,151.7709611,189.3318418,141.41691519999998
615,784.1308194000001,1434.425202,2842.69414,4060.100518,133.8731082,308.3007849,1488.3823630000002,91.49780044
616,582.8554736000001,1100.673517,2241.856136,3492.5596219999998,893.1700706,123.95691869999999,934.5498954,572.0701219
617,693.9266075,1085.413141,2296.288755,3490.265334,1649.200468,113.56513329999999,659.8969473,291.8090233
618,650.330634,1008.6136640000001,1810.0608129999998,3247.300516,124.9230249,932.5074472000001,93.22519919,126.97995559999998
619,704.6213155,1328.376363,2346.89579,3329.837751,146.15948219999999,99.89994393,393.9200977,1599.772152
620,662.7494897,1066.781569,1826.854091,3248.7995309999997,2473.0549260000003,66.34097037,142.6109906,333.58095319999995
621,409.5519167,1119.422056,2820.464113,3965.2437560000003,220.2433102,23.73294309,33.50005819,448.3407157
622,434.2986763,1127.385462,2839.890943,4055.8833630000004,292.8190025,65.06246087,89.92874052,530.8773437
623,379.2790066,1137.0633369999998,2755.775272,3666.3573149999997,158.88109269999998,117.3820653,244.4423704,948.9302961000001
624,648.4393116,1204.576555,2758.269321,3515.793983,161.8778145,365.98055960000005,63.46873935,121.1910288
625,669.1044526000001,1215.431901,2872.213251,3608.844336,132.6929382,230.18295830000002,128.9214762,152.7149874
626,649.4774541,1184.438055,2948.070051,3536.5809979999995,210.11497180000003,257.4010436,49.55660749,124.5319751
627,486.40833949999995,1063.929058,2409.4190120000003,3188.950129,84.60671008,120.35439869999999,285.15570180000003,96.71040294
628,481.3722301,1077.1890720000001,2494.8940829999997,3230.561137,92.58894968,263.25491209999996,518.4311713999999,636.4198325
629,470.26866409999997,1078.952998,2302.4198149999997,3205.898807,84.36459041,95.7458173,324.28267200000005,166.601437
630,542.2945394,1168.444921,2834.3791170000004,3719.2384450000004,75.02200832,113.408004,230.82395060000002,1167.272618
631,541.0013385,1103.946708,2914.9042050000003,3488.8454030000003,62.38953309,228.04889219999998,2334.682295,83.13384018
632,552.8967666,1164.5424039999998,2769.0914239999997,3432.356553,32.63931465,147.8386149,3545.3828590000003,206.2617301
633,696.0595334,1341.44475,3166.420706,3859.1307869999996,185.7258211,52.069152200000005,189.6436194,326.7426882
634,718.6094637,1360.999297,3141.109523,3778.9307710000003,147.6153435,147.567377,170.5995337,172.358853
635,663.7446888999999,1375.717609,3082.471236,3991.836721,148.0136517,355.1312921,395.3045478,324.3930641
636,834.1115461,1417.793915,2460.54306,3541.530135,130.73237,114.2822915,209.9710384,241.15652680000002
637,789.6183169,1367.94475,2010.081718,3362.6175869999997,113.62717420000001,206.92667619999997,1708.523871,100.3627291
638,777.0932392999999,1363.437541,3034.540582,4001.062137,95.28806485,79.98409725,388.0338753,160.90236940000003
639,687.2681403,1033.50452,1525.2904529999998,3068.4635359999997,301.6472497,600.8065727999999,402.4963259,103.53531109999999
640,727.3802943,1243.0847019999999,1849.521886,3024.204879,55.67849265,64.13112530000001,1580.5562009999999,295.7957467
641,642.922641,1199.07592,1703.8577539999999,3142.411905,168.3160368,187.7899937,1490.623992,53.15184271
642,508.68440769999995,1141.8621779999999,2688.737855,3381.313192,192.4261411,118.72342809999999,47.10585654,22.84252775
643,516.5462531999999,1135.970654,2716.281871,3428.143218,62.41451788,111.281653,179.4959244,138.4874898
644,528.066889,1130.970134,2670.498962,3431.545111,88.08681254,141.2118286,230.69569390000004,147.3314469
645,409.3201788,1098.750404,2380.747328,3631.828369,48.79309512,295.6766011,367.29386039999997,194.77872240000002
646,388.75005919999995,1232.448668,2369.3241510000003,3624.322567,26.5030163,85.78049645,318.7595913,436.02588539999994
647,411.5721691,1223.992038,2456.5603899999996,3586.286918,35.44326654,36.15974231,319.49838930000004,624.0236737
648,837.1810996,1356.539974,2377.49743,3467.732217,149.5384399,301.15605869999996,2319.932358,233.80323930000003
649,858.2191161000001,1339.418206,2000.259631,3350.4950519999998,200.4284521,2350.1929609999997,141.896029,221.96212290000003
650,821.8847912,1241.161719,2047.319328,3327.085987,180.7830073,255.0774988,243.25828130000002,443.1292363
651,672.0878953,1133.217166,2197.2247859999998,3477.9677909999996,337.7155182,1091.324717,754.5605245,657.5701822000001
652,788.7625207000001,1271.810842,2768.528233,3780.9928729999997,207.7849009,183.34319630000002,432.6010456,572.5932716
653,822.3964503,1371.835727,3186.106737,3634.855205,228.40892940000003,110.6196283,142.09405900000002,802.6258315
654,377.5297474,1115.7544710000002,2891.883621,3286.936831,250.2135969,60.189337800000004,110.22752150000001,1152.270986
655,467.492345,1150.120502,2871.048827,3253.747257,57.836528200000004,317.8550306,316.3621847,220.2576799
656,342.494591,1100.147645,2662.571756,3211.661783,199.730723,126.7379061,327.5527552,325.1126483
657,665.328525,1301.5152289999999,3006.2596550000003,3245.545579,98.54756919,102.733373,831.2928484,87.74140381
658,667.1245105,1218.9507039999999,2381.963201,3322.756534,245.9506473,122.13967920000002,1588.00791,545.2186282
659,461.10768260000003,908.8807828,1710.278134,3358.764487,905.6611207000001,194.5398624,233.0761117,266.56943019999994
660,609.4726393,990.6744560000001,2748.277761,3648.440769,318.84997200000004,163.1242569,76.61425754,5804.342078
661,669.9561107999999,1058.9116390000002,2890.956084,4256.667617,193.56830390000002,62.06757371,144.10316310000002,150.567488
662,600.3713528,1026.939703,2787.860144,3912.3308770000003,185.6857189,116.0165716,215.92515550000002,192.4724584
663,589.4620012,1014.8930109999999,2438.2041480000003,3121.837747,293.4536198,98.29537088,474.8924195,200.4709956
664,661.4964822000001,1161.4883960000002,2267.526069,3226.501848,166.4207497,449.34492300000005,599.1678112000001,268.0376
665,594.7596411000001,1100.2173380000002,2351.231657,3255.939775,86.03000051,191.8147918,431.2954546,383.324286
666,616.9932742000001,1232.7304199999999,1771.480309,3104.498847,102.0314361,256.6930438,1230.580668,117.9066801
667,651.7771958,1140.071769,2548.688834,3493.5862380000003,75.23501036,88.44842228,189.7604991,452.64158760000004
668,616.0456526,1208.6851960000001,2016.895868,3316.023917,118.84633070000001,106.24234320000001,2807.692204,175.63440580000002
669,577.7094039,1179.054995,3176.786673,3884.72115,92.06118076,158.319121,418.5830713,401.6571863
670,580.0590875,1167.696964,3041.236955,3686.3636159999996,140.6790493,474.72306,617.5740480000001,299.8310861
671,579.4376595,1155.349956,3050.208434,3799.535542,90.55313013,71.62374729,204.3562844,495.54966490000004
672,729.339584,1294.685067,1851.7471480000002,3243.565416,95.19691929,51.25248297,3352.8398230000003,127.54633799999999
673,737.4566785000001,1319.532617,2885.079753,3448.277675,111.9306713,38.72062223,199.5948928,739.7270513999999
674,737.1446772999999,1341.052347,2321.781866,3220.4743989999997,98.99286187,131.0555176,1404.539005,208.156305
675,812.4238367,1512.221175,3421.9502,4245.950582,158.08043869999997,224.2244418,207.465527,577.7705492
676,756.2189099,1439.289798,3345.524203,4222.4080810000005,148.59726709999998,157.92890380000003,301.98523819999997,1279.9745699999999
677,800.2869055,1497.685301,3347.4216899999997,4188.836574,172.31590380000003,121.38044640000001,84.71999199,321.93311939999995
678,765.7438371000001,1328.407547,3145.2988010000004,3578.219366,101.6701561,137.9401655,577.5923038999999,713.0184032000001
679,754.2058811,1146.548354,2183.598582,3499.9719630000004,113.48713159999998,3000.642166,225.39157290000003,366.8255415
680,750.4006413,1238.635552,1733.993921,3414.0853450000004,167.5775939,165.253218,1535.310176,375.7662106
681,562.1932186,1266.7246710000002,2688.942693,3777.610918,163.73160969999998,172.9476734,48.40568288,133.73250919999998
682,545.6945955,1212.7753300000002,2634.59507,3984.3183259999996,240.1381361,646.313157,148.05119240000002,408.6599221
683,582.5369505,1266.743243,2641.885953,3909.219532,142.701957,310.39107939999997,106.0327191,108.8541315
684,525.4971967,1055.507253,2487.898826,3353.5515600000003,175.29132769999998,182.7130615,118.4576378,324.4202973
685,547.862145,1028.345706,2468.799639,3503.048069,67.58985125,152.1709513,115.5358762,451.9059749
686,461.34688610000006,1006.1213449999999,2548.279442,3392.0063700000005,160.2863426,263.2007333,1251.76481,414.9382639
687,636.0172321,1137.2603390000002,1537.531846,2629.084661,110.43813,1764.610509,235.7387238,119.87892849999999
688,608.0661781,1192.2731210000002,1666.114557,2731.1381690000003,304.1627747,277.47876119999995,411.0405045,36.62926348
689,599.8823369,1143.327207,1492.035868,2697.811928,423.87772249999995,625.9585155,297.0570092,158.0053523
690,620.241325,1017.1552019999999,1905.523668,3149.423666,1795.810621,190.1161406,68.12486829,64.91405293
691,663.0678429,1554.801536,2586.236038,3916.203974,207.27980559999997,160.26492240000002,152.66855800000002,525.3336022
692,545.6500571,1481.807221,2459.977345,3955.364593,344.24663119999997,122.0183416,309.263777,927.3541918
693,353.98801210000005,1051.2429949999998,2858.56848,3870.7514979999996,138.35200830000002,72.06694461,106.26849779999999,502.64852249999996
694,382.2264642,1082.608123,2864.365112,3989.326403,146.3687726,75.28600616,122.09446670000001,191.33702830000001
695,353.59894310000004,1056.875625,2830.983381,3291.993009,190.26753440000002,142.05305269999997,64.39652262,2011.409464
696,982.1143187999999,1880.143737,2674.021614,3866.079007,166.2425754,398.6748032,272.26325269999995,368.0684646
697,931.0679938,1880.11758,2716.660109,3352.158791,157.1744549,259.2277842,283.70413239999993,215.9032497
698,1008.580424,1742.563337,2794.752031,3691.925668,149.9784585,89.09656923,393.49262589999995,384.0990597
699,789.0278531,1423.874607,1983.3971210000002,3170.127375,269.1464789,213.6881301,4445.233115,220.7236772
700,745.1073117999999,1455.789409,1581.552508,2858.090485,199.1182505,2193.149887,135.8597605,101.0183492
701,821.5098451,1441.4734529999998,2678.59245,4043.694546,305.716231,308.232378,421.4860425,385.7028074
702,659.7848819,1249.406868,2263.3780690000003,4001.4366090000003,312.19030489999994,300.7926913,403.51120610000004,274.23128660000003
703,766.4871469,1366.718927,2438.184576,3438.1516850000003,312.5659361,630.5553342999999,518.2040476,4052.672728
704,807.5779115,1386.004191,2351.444983,3762.79229,31.13142397,71.29713625,174.6156793,197.0068821
705,732.0792392999999,1296.046035,3021.785802,3968.1447380000004,135.3587858,227.4950912,52.23484558,1099.07655
706,819.2401052,1372.533015,2813.618023,3955.3144,89.51097057,174.59100769999998,292.0329584,578.9916606
707,721.2571889999999,1321.880667,2990.420491,3943.411815,130.1369012,169.7455061,223.0954609,361.1806863
708,634.0001127,1314.729071,2442.6826969999997,3869.981192,572.0673793999999,402.031266,403.48230110000003,51.43894268
709,641.4446472999999,1387.234348,2508.667739,4063.0068869999996,567.0622477999999,366.5496889,278.293654,62.78542579
710,721.872058,1440.519085,2515.062789,4143.190667,300.094742,185.1800986,265.5352083,625.7219687
711,736.9729492,1391.829226,2515.626104,3235.123126,78.22500256,139.1303039,139.7448689,284.9493457
712,723.1591944,1359.44247,2642.608938,3368.627608,82.98270433,91.74652767,204.9138623,194.2984909
713,692.4000075,1300.65305,2903.6065329999997,3947.3034909999997,258.43676600000003,208.6266642,281.7957214,178.46533449999998
714,694.7059522000001,1149.8144519999998,1467.224215,3360.4063060000003,197.7688487,810.0980454,106.5088425,86.97104059
715,671.3610291,1183.646131,1415.6823140000001,3389.1636439999997,155.3284843,961.6782621,221.43466659999999,155.1329712
716,636.2825425999999,1008.2687800000001,1464.069806,3456.335379,181.7858061,791.1284161,243.16038939999999,213.2638923
717,656.3279008999999,1316.89003,2588.038189,3519.583152,302.5062119,221.4597296,123.9254763,3289.944097
718,759.2419067000001,1351.532167,2692.3673710000003,3459.540534,161.4330364,164.5846531,182.31576919999998,145.4258828
719,730.0045977000001,1322.704232,2605.754555,3272.594854,230.097014,215.2189279,416.77218480000005,4124.159585
720,652.8492575,1368.783149,2865.634956,3823.883292,63.07065183,193.9139968,245.5230005,132.57422490000002
721,741.2865803999999,1488.990648,2917.6697280000003,3688.7759020000003,209.2971385,633.0667304,454.7855442,1401.900602
722,635.5195642000001,1170.181655,2421.913748,3287.233316,178.65546909999998,544.4219158,90.49773762,539.0883656000001
723,836.0758052,1336.2998599999999,2286.638283,3134.727146,46.55476259,138.68606259999999,1982.555173,260.7733501
724,844.1075179,1390.3014640000001,2772.438329,3037.298109,37.58530731,78.77956882,2542.312918,225.41694139999998
725,768.1882487,1265.5638470000001,2310.314623,3206.515325,70.86349059,47.28593467,1192.048538,288.42845689999996
726,595.1482296,1070.273648,2546.066836,3194.2262739999996,281.0370479,75.478037,167.90019640000003,318.21352939999997
727,555.5605088,1086.2462039999998,2900.798917,3475.072597,219.4164225,81.75918158,642.0204742000001,2638.243372
728,553.5374528,1105.05227,2744.607367,3600.6896850000003,379.8378704,209.320623,3124.349359,95.90154402
729,510.75254910000007,1124.288036,3013.8744469999997,3691.082985,209.9510235,142.9543926,111.10614699999999,48.36070491
730,516.9391156,1174.7177550000001,2932.224894,3757.359728,351.7521539,329.9372483,1761.238104,267.22981519999996
731,439.0217654,1089.153237,2533.727576,3791.8828,253.7254917,129.2866176,1830.75027,77.51744658
732,801.2952769,1487.576963,2401.2110829999997,3419.6927659999997,235.5227115,467.86757,557.6723066000001,2066.255923
733,729.546735,1596.649403,2301.3919309999997,3196.173253,168.5073947,254.56635899999998,424.3583283,780.9632608
734,886.360255,1557.43345,2546.73888,3666.017097,216.0731484,227.02617949999998,480.4955251,799.5860942
735,597.5517394999999,1098.3490869999998,2543.577917,3352.602993,99.74002984,223.7664,50.03099303,526.0690339
736,621.8892463,1019.401717,2574.775093,3147.6344489999997,140.42889519999997,359.04312400000003,107.6405033,758.6546582000001
737,583.3890303999999,1229.1826199999998,2520.111988,3346.069872,201.15376569999998,167.7598271,269.4621023,1165.185874
738,619.4637299999999,1325.6869140000001,2107.581385,3121.2974010000003,117.8808621,233.7538165,115.5790622,155.98878169999998
739,625.8392269999999,1272.538859,2191.100166,3103.431616,109.5208618,223.365263,110.6855437,76.57320817
740,606.219275,1236.609463,2192.605825,3113.853361,78.72051313,129.8708454,100.2180151,119.3673602
741,712.6634732000001,1406.785006,1952.396988,3256.644684,78.79215038,204.81007,1874.733009,94.61231504
742,672.3617869,1365.005545,2570.710068,3340.5877809999997,81.74529751,193.106043,3413.855744,188.3793114
743,730.5516892999999,1372.4109640000001,2512.739921,3494.489911,106.9854801,101.737713,723.9932586,251.57623430000004
744,661.2387073,1359.316614,2708.122645,3937.3032789999997,218.84251559999998,534.7370224,1621.514894,665.9139541000001
745,632.8480367000001,1324.672442,2498.230332,3466.154656,148.63490380000002,325.7817575,748.6305377,280.83886060000003
746,670.8862738,1289.471423,2447.2014679999997,3652.0808840000004,123.8940733,233.52033680000002,1317.6120779999999,370.1573044
747,468.48724169999997,1161.418263,2447.630677,4320.3033350000005,183.3531996,136.5563494,512.6329802,157.6197361
748,441.46478160000004,1167.847709,2301.529051,3821.76318,204.3745855,245.77306000000002,548.4475158,1195.7200109999999
749,420.7450825,1173.69816,2344.347709,3924.3672380000003,122.24202859999998,155.413035,519.99463,1989.1912140000002
750,931.7410117999999,1466.7576279999998,3150.607771,4187.396638,82.59141915,127.4681947,182.43623159999999,329.1677059
751,881.9157684,1395.398812,2862.8500719999997,3285.426385,88.52104516,80.28301265,836.8624971,2954.030296
752,907.7875905,1406.737344,2958.43379,3819.231665,31.23825076,38.91908179,5913.036193,472.40360639999994
753,687.0463832,1382.6534980000001,2189.489101,3344.351359,250.727258,2566.530343,149.11732969999997,232.686866
754,771.9483342,1657.0218109999998,2914.862553,3789.033261,148.53798659999998,107.10166310000001,194.2206979,339.80535289999995
755,706.5669995000001,1612.140356,2892.9325670000003,4012.558775,253.00244759999998,118.1488217,374.7554718,315.62491580000005
